# https://github.com/mikedh/trimesh
v -1.60000000 -0.10000000 1.50000000 0.83137255 0.69803922 0.54901961
v -1.60000000 -0.10000000 13.20000000 0.83137255 0.69803922 0.54901961
v -1.60000000 0.00000000 1.50000000 0.83137255 0.69803922 0.54901961
v -1.60000000 0.00000000 13.20000000 0.83137255 0.69803922 0.54901961
v 2.00000000 -0.10000000 1.50000000 0.83137255 0.69803922 0.54901961
v 2.00000000 -0.10000000 13.20000000 0.83137255 0.69803922 0.54901961
v 2.00000000 0.00000000 1.50000000 0.83137255 0.69803922 0.54901961
v 2.00000000 0.00000000 13.20000000 0.83137255 0.69803922 0.54901961
v -3.50000000 -0.10000000 8.00000000 0.72549020 0.58823529 0.45098039
v -3.50000000 -0.10000000 13.20000000 0.72549020 0.58823529 0.45098039
v -3.50000000 0.00000000 8.00000000 0.72549020 0.58823529 0.45098039
v -3.50000000 0.00000000 13.20000000 0.72549020 0.58823529 0.45098039
v -1.60000000 -0.10000000 8.00000000 0.72549020 0.58823529 0.45098039
v -1.60000000 -0.10000000 13.20000000 0.72549020 0.58823529 0.45098039
v -1.60000000 0.00000000 8.00000000 0.72549020 0.58823529 0.45098039
v -1.60000000 0.00000000 13.20000000 0.72549020 0.58823529 0.45098039
v -1.60000000 0.00000000 1.50000000 0.27450980 0.29411765 0.32156863
v -1.60000000 0.00000000 7.50000000 0.27450980 0.29411765 0.32156863
v -1.60000000 0.08000000 1.50000000 0.27450980 0.29411765 0.32156863
v -1.60000000 0.08000000 7.50000000 0.27450980 0.29411765 0.32156863
v -1.58000000 0.00000000 1.50000000 0.27450980 0.29411765 0.32156863
v -1.58000000 0.00000000 7.50000000 0.27450980 0.29411765 0.32156863
v -1.58000000 0.08000000 1.50000000 0.27450980 0.29411765 0.32156863
v -1.58000000 0.08000000 7.50000000 0.27450980 0.29411765 0.32156863
v 1.98000000 0.00000000 6.50000000 0.27450980 0.29411765 0.32156863
v 1.98000000 0.00000000 13.20000000 0.27450980 0.29411765 0.32156863
v 1.98000000 0.08000000 6.50000000 0.27450980 0.29411765 0.32156863
v 1.98000000 0.08000000 13.20000000 0.27450980 0.29411765 0.32156863
v 2.00000000 0.00000000 6.50000000 0.27450980 0.29411765 0.32156863
v 2.00000000 0.00000000 13.20000000 0.27450980 0.29411765 0.32156863
v 2.00000000 0.08000000 6.50000000 0.27450980 0.29411765 0.32156863
v 2.00000000 0.08000000 13.20000000 0.27450980 0.29411765 0.32156863
v -3.50000000 0.00000000 8.00000000 0.27450980 0.29411765 0.32156863
v -3.50000000 0.00000000 8.02000000 0.27450980 0.29411765 0.32156863
v -3.50000000 0.08000000 8.00000000 0.27450980 0.29411765 0.32156863
v -3.50000000 0.08000000 8.02000000 0.27450980 0.29411765 0.32156863
v -1.60000000 0.00000000 8.00000000 0.27450980 0.29411765 0.32156863
v -1.60000000 0.00000000 8.02000000 0.27450980 0.29411765 0.32156863
v -1.60000000 0.08000000 8.00000000 0.27450980 0.29411765 0.32156863
v -1.60000000 0.08000000 8.02000000 0.27450980 0.29411765 0.32156863
v -1.80000000 0.00000000 1.50000000 0.93333333 0.94901961 0.96470588
v -1.80000000 0.00000000 7.50000000 0.93333333 0.94901961 0.96470588
v -1.80000000 2.70000000 1.50000000 0.93333333 0.94901961 0.96470588
v -1.80000000 2.70000000 7.50000000 0.93333333 0.94901961 0.96470588
v -1.60000000 0.00000000 1.50000000 0.93333333 0.94901961 0.96470588
v -1.60000000 0.00000000 7.50000000 0.93333333 0.94901961 0.96470588
v -1.60000000 2.70000000 1.50000000 0.93333333 0.94901961 0.96470588
v -1.60000000 2.70000000 7.50000000 0.93333333 0.94901961 0.96470588
v -3.65000000 0.00000000 9.00000000 0.25490196 0.29411765 0.34509804
v -3.65000000 0.00000000 12.00000000 0.25490196 0.29411765 0.34509804
v -3.65000000 2.70000000 9.00000000 0.25490196 0.29411765 0.34509804
v -3.65000000 2.70000000 12.00000000 0.25490196 0.29411765 0.34509804
v -3.35000000 0.00000000 9.00000000 0.25490196 0.29411765 0.34509804
v -3.35000000 0.00000000 12.00000000 0.25490196 0.29411765 0.34509804
v -3.35000000 2.70000000 9.00000000 0.25490196 0.29411765 0.34509804
v -3.35000000 2.70000000 12.00000000 0.25490196 0.29411765 0.34509804
v -3.42500000 0.00000000 9.00000000 0.25490196 0.29411765 0.34509804
v -3.42500000 0.00000000 12.00000000 0.25490196 0.29411765 0.34509804
v -3.42500000 0.22000000 9.00000000 0.25490196 0.29411765 0.34509804
v -3.42500000 0.22000000 12.00000000 0.25490196 0.29411765 0.34509804
v -2.97500000 0.00000000 9.00000000 0.25490196 0.29411765 0.34509804
v -2.97500000 0.00000000 12.00000000 0.25490196 0.29411765 0.34509804
v -2.97500000 0.22000000 9.00000000 0.25490196 0.29411765 0.34509804
v -2.97500000 0.22000000 12.00000000 0.25490196 0.29411765 0.34509804
v 2.00000000 0.00000000 6.50000000 0.93333333 0.94901961 0.96470588
v 2.00000000 0.00000000 13.20000000 0.93333333 0.94901961 0.96470588
v 2.00000000 2.70000000 6.50000000 0.93333333 0.94901961 0.96470588
v 2.00000000 2.70000000 13.20000000 0.93333333 0.94901961 0.96470588
v 2.20000000 0.00000000 6.50000000 0.93333333 0.94901961 0.96470588
v 2.20000000 0.00000000 13.20000000 0.93333333 0.94901961 0.96470588
v 2.20000000 2.70000000 6.50000000 0.93333333 0.94901961 0.96470588
v 2.20000000 2.70000000 13.20000000 0.93333333 0.94901961 0.96470588
v -1.60000000 0.00000000 1.30000000 0.93333333 0.94901961 0.96470588
v -1.60000000 0.00000000 1.50000000 0.93333333 0.94901961 0.96470588
v -1.60000000 2.70000000 1.30000000 0.93333333 0.94901961 0.96470588
v -1.60000000 2.70000000 1.50000000 0.93333333 0.94901961 0.96470588
v -0.50000000 0.00000000 1.30000000 0.93333333 0.94901961 0.96470588
v -0.50000000 0.00000000 1.50000000 0.93333333 0.94901961 0.96470588
v -0.50000000 2.70000000 1.30000000 0.93333333 0.94901961 0.96470588
v -0.50000000 2.70000000 1.50000000 0.93333333 0.94901961 0.96470588
v 0.90000000 0.00000000 1.30000000 0.93333333 0.94901961 0.96470588
v 0.90000000 0.00000000 1.50000000 0.93333333 0.94901961 0.96470588
v 0.90000000 2.70000000 1.30000000 0.93333333 0.94901961 0.96470588
v 0.90000000 2.70000000 1.50000000 0.93333333 0.94901961 0.96470588
v 2.00000000 0.00000000 1.30000000 0.93333333 0.94901961 0.96470588
v 2.00000000 0.00000000 1.50000000 0.93333333 0.94901961 0.96470588
v 2.00000000 2.70000000 1.30000000 0.93333333 0.94901961 0.96470588
v 2.00000000 2.70000000 1.50000000 0.93333333 0.94901961 0.96470588
v -0.50000000 2.20000000 1.30000000 0.93333333 0.94901961 0.96470588
v -0.50000000 2.20000000 1.50000000 0.93333333 0.94901961 0.96470588
v -0.50000000 2.70000000 1.30000000 0.93333333 0.94901961 0.96470588
v -0.50000000 2.70000000 1.50000000 0.93333333 0.94901961 0.96470588
v 0.90000000 2.20000000 1.30000000 0.93333333 0.94901961 0.96470588
v 0.90000000 2.20000000 1.50000000 0.93333333 0.94901961 0.96470588
v 0.90000000 2.70000000 1.30000000 0.93333333 0.94901961 0.96470588
v 0.90000000 2.70000000 1.50000000 0.93333333 0.94901961 0.96470588
v -3.50000000 0.00000000 13.20000000 0.93333333 0.94901961 0.96470588
v -3.50000000 0.00000000 13.40000000 0.93333333 0.94901961 0.96470588
v -3.50000000 0.70000000 13.20000000 0.93333333 0.94901961 0.96470588
v -3.50000000 0.70000000 13.40000000 0.93333333 0.94901961 0.96470588
v 2.00000000 0.00000000 13.20000000 0.93333333 0.94901961 0.96470588
v 2.00000000 0.00000000 13.40000000 0.93333333 0.94901961 0.96470588
v 2.00000000 0.70000000 13.20000000 0.93333333 0.94901961 0.96470588
v 2.00000000 0.70000000 13.40000000 0.93333333 0.94901961 0.96470588
v -3.50000000 2.30000000 13.20000000 0.93333333 0.94901961 0.96470588
v -3.50000000 2.30000000 13.40000000 0.93333333 0.94901961 0.96470588
v -3.50000000 2.70000000 13.20000000 0.93333333 0.94901961 0.96470588
v -3.50000000 2.70000000 13.40000000 0.93333333 0.94901961 0.96470588
v 2.00000000 2.30000000 13.20000000 0.93333333 0.94901961 0.96470588
v 2.00000000 2.30000000 13.40000000 0.93333333 0.94901961 0.96470588
v 2.00000000 2.70000000 13.20000000 0.93333333 0.94901961 0.96470588
v 2.00000000 2.70000000 13.40000000 0.93333333 0.94901961 0.96470588
v -3.50000000 0.70000000 13.17500000 0.11764706 0.13725490 0.16470588
v -3.50000000 0.70000000 13.32500000 0.11764706 0.13725490 0.16470588
v -3.50000000 2.30000000 13.17500000 0.11764706 0.13725490 0.16470588
v -3.50000000 2.30000000 13.32500000 0.11764706 0.13725490 0.16470588
v -3.40000000 0.70000000 13.17500000 0.11764706 0.13725490 0.16470588
v -3.40000000 0.70000000 13.32500000 0.11764706 0.13725490 0.16470588
v -3.40000000 2.30000000 13.17500000 0.11764706 0.13725490 0.16470588
v -3.40000000 2.30000000 13.32500000 0.11764706 0.13725490 0.16470588
v 1.90000000 0.70000000 13.17500000 0.11764706 0.13725490 0.16470588
v 1.90000000 0.70000000 13.32500000 0.11764706 0.13725490 0.16470588
v 1.90000000 2.30000000 13.17500000 0.11764706 0.13725490 0.16470588
v 1.90000000 2.30000000 13.32500000 0.11764706 0.13725490 0.16470588
v 2.00000000 0.70000000 13.17500000 0.11764706 0.13725490 0.16470588
v 2.00000000 0.70000000 13.32500000 0.11764706 0.13725490 0.16470588
v 2.00000000 2.30000000 13.17500000 0.11764706 0.13725490 0.16470588
v 2.00000000 2.30000000 13.32500000 0.11764706 0.13725490 0.16470588
v -1.64000000 0.70000000 13.19000000 0.11764706 0.13725490 0.16470588
v -1.64000000 0.70000000 13.31000000 0.11764706 0.13725490 0.16470588
v -1.64000000 2.30000000 13.19000000 0.11764706 0.13725490 0.16470588
v -1.64000000 2.30000000 13.31000000 0.11764706 0.13725490 0.16470588
v -1.56000000 0.70000000 13.19000000 0.11764706 0.13725490 0.16470588
v -1.56000000 0.70000000 13.31000000 0.11764706 0.13725490 0.16470588
v -1.56000000 2.30000000 13.19000000 0.11764706 0.13725490 0.16470588
v -1.56000000 2.30000000 13.31000000 0.11764706 0.13725490 0.16470588
v 0.16000000 0.70000000 13.19000000 0.11764706 0.13725490 0.16470588
v 0.16000000 0.70000000 13.31000000 0.11764706 0.13725490 0.16470588
v 0.16000000 2.30000000 13.19000000 0.11764706 0.13725490 0.16470588
v 0.16000000 2.30000000 13.31000000 0.11764706 0.13725490 0.16470588
v 0.24000000 0.70000000 13.19000000 0.11764706 0.13725490 0.16470588
v 0.24000000 0.70000000 13.31000000 0.11764706 0.13725490 0.16470588
v 0.24000000 2.30000000 13.19000000 0.11764706 0.13725490 0.16470588
v 0.24000000 2.30000000 13.31000000 0.11764706 0.13725490 0.16470588
v -3.35000000 0.73000000 13.24000000 0.62745098 0.82352941 0.92156863
v -3.35000000 0.73000000 13.26000000 0.62745098 0.82352941 0.92156863
v -3.35000000 2.27000000 13.24000000 0.62745098 0.82352941 0.92156863
v -3.35000000 2.27000000 13.26000000 0.62745098 0.82352941 0.92156863
v 1.85000000 0.73000000 13.24000000 0.62745098 0.82352941 0.92156863
v 1.85000000 0.73000000 13.26000000 0.62745098 0.82352941 0.92156863
v 1.85000000 2.27000000 13.24000000 0.62745098 0.82352941 0.92156863
v 1.85000000 2.27000000 13.26000000 0.62745098 0.82352941 0.92156863
v -0.62500000 0.00000000 6.62500000 0.96078431 0.96862745 0.98039216
v -0.62500000 0.00000000 6.97500000 0.96078431 0.96862745 0.98039216
v -0.62500000 2.70000000 6.62500000 0.96078431 0.96862745 0.98039216
v -0.62500000 2.70000000 6.97500000 0.96078431 0.96862745 0.98039216
v -0.27500000 0.00000000 6.62500000 0.96078431 0.96862745 0.98039216
v -0.27500000 0.00000000 6.97500000 0.96078431 0.96862745 0.98039216
v -0.27500000 2.70000000 6.62500000 0.96078431 0.96862745 0.98039216
v -0.27500000 2.70000000 6.97500000 0.96078431 0.96862745 0.98039216
v 0.27500000 0.00000000 6.62500000 0.96078431 0.96862745 0.98039216
v 0.27500000 0.00000000 6.97500000 0.96078431 0.96862745 0.98039216
v 0.27500000 2.70000000 6.62500000 0.96078431 0.96862745 0.98039216
v 0.27500000 2.70000000 6.97500000 0.96078431 0.96862745 0.98039216
v 0.62500000 0.00000000 6.62500000 0.96078431 0.96862745 0.98039216
v 0.62500000 0.00000000 6.97500000 0.96078431 0.96862745 0.98039216
v 0.62500000 2.70000000 6.62500000 0.96078431 0.96862745 0.98039216
v 0.62500000 2.70000000 6.97500000 0.96078431 0.96862745 0.98039216
v -3.50000000 2.70000000 1.50000000 0.97254902 0.98039216 0.98823529
v -3.50000000 2.70000000 13.20000000 0.97254902 0.98039216 0.98823529
v -3.50000000 2.80000000 1.50000000 0.97254902 0.98039216 0.98823529
v -3.50000000 2.80000000 13.20000000 0.97254902 0.98039216 0.98823529
v 2.00000000 2.70000000 1.50000000 0.97254902 0.98039216 0.98823529
v 2.00000000 2.70000000 13.20000000 0.97254902 0.98039216 0.98823529
v 2.00000000 2.80000000 1.50000000 0.97254902 0.98039216 0.98823529
v 2.00000000 2.80000000 13.20000000 0.97254902 0.98039216 0.98823529
v -0.54000000 2.50000000 1.50000000 0.54509804 0.35294118 0.16862745
v -0.54000000 2.50000000 13.20000000 0.54509804 0.35294118 0.16862745
v -0.54000000 2.70000000 1.50000000 0.54509804 0.35294118 0.16862745
v -0.54000000 2.70000000 13.20000000 0.54509804 0.35294118 0.16862745
v -0.36000000 2.50000000 1.50000000 0.54509804 0.35294118 0.16862745
v -0.36000000 2.50000000 13.20000000 0.54509804 0.35294118 0.16862745
v -0.36000000 2.70000000 1.50000000 0.54509804 0.35294118 0.16862745
v -0.36000000 2.70000000 13.20000000 0.54509804 0.35294118 0.16862745
v 0.36000000 2.50000000 1.50000000 0.54509804 0.35294118 0.16862745
v 0.36000000 2.50000000 13.20000000 0.54509804 0.35294118 0.16862745
v 0.36000000 2.70000000 1.50000000 0.54509804 0.35294118 0.16862745
v 0.36000000 2.70000000 13.20000000 0.54509804 0.35294118 0.16862745
v 0.54000000 2.50000000 1.50000000 0.54509804 0.35294118 0.16862745
v 0.54000000 2.50000000 13.20000000 0.54509804 0.35294118 0.16862745
v 0.54000000 2.70000000 1.50000000 0.54509804 0.35294118 0.16862745
v 0.54000000 2.70000000 13.20000000 0.54509804 0.35294118 0.16862745
v 1.00000000 2.58587474 2.31891100 0.21568627 0.23529412 0.26666667
v 1.00000000 -0.11412526 6.11891100 0.21568627 0.23529412 0.26666667
v 1.00000000 2.81412526 2.48108900 0.21568627 0.23529412 0.26666667
v 1.00000000 0.11412526 6.28108900 0.21568627 0.23529412 0.26666667
v 1.05000000 2.58587474 2.31891100 0.21568627 0.23529412 0.26666667
v 1.05000000 -0.11412526 6.11891100 0.21568627 0.23529412 0.26666667
v 1.05000000 2.81412526 2.48108900 0.21568627 0.23529412 0.26666667
v 1.05000000 0.11412526 6.28108900 0.21568627 0.23529412 0.26666667
v 1.00000000 0.00000000 2.40000000 0.21568627 0.23529412 0.26666667
v 1.00000000 0.00000000 2.43000000 0.21568627 0.23529412 0.26666667
v 1.00000000 0.22500000 2.40000000 0.21568627 0.23529412 0.26666667
v 1.00000000 0.22500000 2.43000000 0.21568627 0.23529412 0.26666667
v 2.00000000 0.00000000 2.40000000 0.21568627 0.23529412 0.26666667
v 2.00000000 0.00000000 2.43000000 0.21568627 0.23529412 0.26666667
v 2.00000000 0.22500000 2.40000000 0.21568627 0.23529412 0.26666667
v 2.00000000 0.22500000 2.43000000 0.21568627 0.23529412 0.26666667
v 0.99000000 0.19000000 2.40000000 0.80392157 0.67450980 0.51764706
v 0.99000000 0.19000000 2.74666667 0.80392157 0.67450980 0.51764706
v 0.99000000 0.22500000 2.40000000 0.80392157 0.67450980 0.51764706
v 0.99000000 0.22500000 2.74666667 0.80392157 0.67450980 0.51764706
v 2.01000000 0.19000000 2.40000000 0.80392157 0.67450980 0.51764706
v 2.01000000 0.19000000 2.74666667 0.80392157 0.67450980 0.51764706
v 2.01000000 0.22500000 2.40000000 0.80392157 0.67450980 0.51764706
v 2.01000000 0.22500000 2.74666667 0.80392157 0.67450980 0.51764706
v 1.00000000 0.22500000 2.71666667 0.21568627 0.23529412 0.26666667
v 1.00000000 0.22500000 2.74666667 0.21568627 0.23529412 0.26666667
v 1.00000000 0.45000000 2.71666667 0.21568627 0.23529412 0.26666667
v 1.00000000 0.45000000 2.74666667 0.21568627 0.23529412 0.26666667
v 2.00000000 0.22500000 2.71666667 0.21568627 0.23529412 0.26666667
v 2.00000000 0.22500000 2.74666667 0.21568627 0.23529412 0.26666667
v 2.00000000 0.45000000 2.71666667 0.21568627 0.23529412 0.26666667
v 2.00000000 0.45000000 2.74666667 0.21568627 0.23529412 0.26666667
v 0.99000000 0.41500000 2.71666667 0.80392157 0.67450980 0.51764706
v 0.99000000 0.41500000 3.06333333 0.80392157 0.67450980 0.51764706
v 0.99000000 0.45000000 2.71666667 0.80392157 0.67450980 0.51764706
v 0.99000000 0.45000000 3.06333333 0.80392157 0.67450980 0.51764706
v 2.01000000 0.41500000 2.71666667 0.80392157 0.67450980 0.51764706
v 2.01000000 0.41500000 3.06333333 0.80392157 0.67450980 0.51764706
v 2.01000000 0.45000000 2.71666667 0.80392157 0.67450980 0.51764706
v 2.01000000 0.45000000 3.06333333 0.80392157 0.67450980 0.51764706
v 1.00000000 0.45000000 3.03333333 0.21568627 0.23529412 0.26666667
v 1.00000000 0.45000000 3.06333333 0.21568627 0.23529412 0.26666667
v 1.00000000 0.67500000 3.03333333 0.21568627 0.23529412 0.26666667
v 1.00000000 0.67500000 3.06333333 0.21568627 0.23529412 0.26666667
v 2.00000000 0.45000000 3.03333333 0.21568627 0.23529412 0.26666667
v 2.00000000 0.45000000 3.06333333 0.21568627 0.23529412 0.26666667
v 2.00000000 0.67500000 3.03333333 0.21568627 0.23529412 0.26666667
v 2.00000000 0.67500000 3.06333333 0.21568627 0.23529412 0.26666667
v 0.99000000 0.64000000 3.03333333 0.80392157 0.67450980 0.51764706
v 0.99000000 0.64000000 3.38000000 0.80392157 0.67450980 0.51764706
v 0.99000000 0.67500000 3.03333333 0.80392157 0.67450980 0.51764706
v 0.99000000 0.67500000 3.38000000 0.80392157 0.67450980 0.51764706
v 2.01000000 0.64000000 3.03333333 0.80392157 0.67450980 0.51764706
v 2.01000000 0.64000000 3.38000000 0.80392157 0.67450980 0.51764706
v 2.01000000 0.67500000 3.03333333 0.80392157 0.67450980 0.51764706
v 2.01000000 0.67500000 3.38000000 0.80392157 0.67450980 0.51764706
v 1.00000000 0.67500000 3.35000000 0.21568627 0.23529412 0.26666667
v 1.00000000 0.67500000 3.38000000 0.21568627 0.23529412 0.26666667
v 1.00000000 0.90000000 3.35000000 0.21568627 0.23529412 0.26666667
v 1.00000000 0.90000000 3.38000000 0.21568627 0.23529412 0.26666667
v 2.00000000 0.67500000 3.35000000 0.21568627 0.23529412 0.26666667
v 2.00000000 0.67500000 3.38000000 0.21568627 0.23529412 0.26666667
v 2.00000000 0.90000000 3.35000000 0.21568627 0.23529412 0.26666667
v 2.00000000 0.90000000 3.38000000 0.21568627 0.23529412 0.26666667
v 0.99000000 0.86500000 3.35000000 0.80392157 0.67450980 0.51764706
v 0.99000000 0.86500000 3.69666667 0.80392157 0.67450980 0.51764706
v 0.99000000 0.90000000 3.35000000 0.80392157 0.67450980 0.51764706
v 0.99000000 0.90000000 3.69666667 0.80392157 0.67450980 0.51764706
v 2.01000000 0.86500000 3.35000000 0.80392157 0.67450980 0.51764706
v 2.01000000 0.86500000 3.69666667 0.80392157 0.67450980 0.51764706
v 2.01000000 0.90000000 3.35000000 0.80392157 0.67450980 0.51764706
v 2.01000000 0.90000000 3.69666667 0.80392157 0.67450980 0.51764706
v 1.00000000 0.90000000 3.66666667 0.21568627 0.23529412 0.26666667
v 1.00000000 0.90000000 3.69666667 0.21568627 0.23529412 0.26666667
v 1.00000000 1.12500000 3.66666667 0.21568627 0.23529412 0.26666667
v 1.00000000 1.12500000 3.69666667 0.21568627 0.23529412 0.26666667
v 2.00000000 0.90000000 3.66666667 0.21568627 0.23529412 0.26666667
v 2.00000000 0.90000000 3.69666667 0.21568627 0.23529412 0.26666667
v 2.00000000 1.12500000 3.66666667 0.21568627 0.23529412 0.26666667
v 2.00000000 1.12500000 3.69666667 0.21568627 0.23529412 0.26666667
v 0.99000000 1.09000000 3.66666667 0.80392157 0.67450980 0.51764706
v 0.99000000 1.09000000 4.01333333 0.80392157 0.67450980 0.51764706
v 0.99000000 1.12500000 3.66666667 0.80392157 0.67450980 0.51764706
v 0.99000000 1.12500000 4.01333333 0.80392157 0.67450980 0.51764706
v 2.01000000 1.09000000 3.66666667 0.80392157 0.67450980 0.51764706
v 2.01000000 1.09000000 4.01333333 0.80392157 0.67450980 0.51764706
v 2.01000000 1.12500000 3.66666667 0.80392157 0.67450980 0.51764706
v 2.01000000 1.12500000 4.01333333 0.80392157 0.67450980 0.51764706
v 1.00000000 1.12500000 3.98333333 0.21568627 0.23529412 0.26666667
v 1.00000000 1.12500000 4.01333333 0.21568627 0.23529412 0.26666667
v 1.00000000 1.35000000 3.98333333 0.21568627 0.23529412 0.26666667
v 1.00000000 1.35000000 4.01333333 0.21568627 0.23529412 0.26666667
v 2.00000000 1.12500000 3.98333333 0.21568627 0.23529412 0.26666667
v 2.00000000 1.12500000 4.01333333 0.21568627 0.23529412 0.26666667
v 2.00000000 1.35000000 3.98333333 0.21568627 0.23529412 0.26666667
v 2.00000000 1.35000000 4.01333333 0.21568627 0.23529412 0.26666667
v 0.99000000 1.31500000 3.98333333 0.80392157 0.67450980 0.51764706
v 0.99000000 1.31500000 4.33000000 0.80392157 0.67450980 0.51764706
v 0.99000000 1.35000000 3.98333333 0.80392157 0.67450980 0.51764706
v 0.99000000 1.35000000 4.33000000 0.80392157 0.67450980 0.51764706
v 2.01000000 1.31500000 3.98333333 0.80392157 0.67450980 0.51764706
v 2.01000000 1.31500000 4.33000000 0.80392157 0.67450980 0.51764706
v 2.01000000 1.35000000 3.98333333 0.80392157 0.67450980 0.51764706
v 2.01000000 1.35000000 4.33000000 0.80392157 0.67450980 0.51764706
v 1.00000000 1.35000000 4.30000000 0.21568627 0.23529412 0.26666667
v 1.00000000 1.35000000 4.33000000 0.21568627 0.23529412 0.26666667
v 1.00000000 1.57500000 4.30000000 0.21568627 0.23529412 0.26666667
v 1.00000000 1.57500000 4.33000000 0.21568627 0.23529412 0.26666667
v 2.00000000 1.35000000 4.30000000 0.21568627 0.23529412 0.26666667
v 2.00000000 1.35000000 4.33000000 0.21568627 0.23529412 0.26666667
v 2.00000000 1.57500000 4.30000000 0.21568627 0.23529412 0.26666667
v 2.00000000 1.57500000 4.33000000 0.21568627 0.23529412 0.26666667
v 0.99000000 1.54000000 4.30000000 0.80392157 0.67450980 0.51764706
v 0.99000000 1.54000000 4.64666667 0.80392157 0.67450980 0.51764706
v 0.99000000 1.57500000 4.30000000 0.80392157 0.67450980 0.51764706
v 0.99000000 1.57500000 4.64666667 0.80392157 0.67450980 0.51764706
v 2.01000000 1.54000000 4.30000000 0.80392157 0.67450980 0.51764706
v 2.01000000 1.54000000 4.64666667 0.80392157 0.67450980 0.51764706
v 2.01000000 1.57500000 4.30000000 0.80392157 0.67450980 0.51764706
v 2.01000000 1.57500000 4.64666667 0.80392157 0.67450980 0.51764706
v 1.00000000 1.57500000 4.61666667 0.21568627 0.23529412 0.26666667
v 1.00000000 1.57500000 4.64666667 0.21568627 0.23529412 0.26666667
v 1.00000000 1.80000000 4.61666667 0.21568627 0.23529412 0.26666667
v 1.00000000 1.80000000 4.64666667 0.21568627 0.23529412 0.26666667
v 2.00000000 1.57500000 4.61666667 0.21568627 0.23529412 0.26666667
v 2.00000000 1.57500000 4.64666667 0.21568627 0.23529412 0.26666667
v 2.00000000 1.80000000 4.61666667 0.21568627 0.23529412 0.26666667
v 2.00000000 1.80000000 4.64666667 0.21568627 0.23529412 0.26666667
v 0.99000000 1.76500000 4.61666667 0.80392157 0.67450980 0.51764706
v 0.99000000 1.76500000 4.96333333 0.80392157 0.67450980 0.51764706
v 0.99000000 1.80000000 4.61666667 0.80392157 0.67450980 0.51764706
v 0.99000000 1.80000000 4.96333333 0.80392157 0.67450980 0.51764706
v 2.01000000 1.76500000 4.61666667 0.80392157 0.67450980 0.51764706
v 2.01000000 1.76500000 4.96333333 0.80392157 0.67450980 0.51764706
v 2.01000000 1.80000000 4.61666667 0.80392157 0.67450980 0.51764706
v 2.01000000 1.80000000 4.96333333 0.80392157 0.67450980 0.51764706
v 1.00000000 1.80000000 4.93333333 0.21568627 0.23529412 0.26666667
v 1.00000000 1.80000000 4.96333333 0.21568627 0.23529412 0.26666667
v 1.00000000 2.02500000 4.93333333 0.21568627 0.23529412 0.26666667
v 1.00000000 2.02500000 4.96333333 0.21568627 0.23529412 0.26666667
v 2.00000000 1.80000000 4.93333333 0.21568627 0.23529412 0.26666667
v 2.00000000 1.80000000 4.96333333 0.21568627 0.23529412 0.26666667
v 2.00000000 2.02500000 4.93333333 0.21568627 0.23529412 0.26666667
v 2.00000000 2.02500000 4.96333333 0.21568627 0.23529412 0.26666667
v 0.99000000 1.99000000 4.93333333 0.80392157 0.67450980 0.51764706
v 0.99000000 1.99000000 5.28000000 0.80392157 0.67450980 0.51764706
v 0.99000000 2.02500000 4.93333333 0.80392157 0.67450980 0.51764706
v 0.99000000 2.02500000 5.28000000 0.80392157 0.67450980 0.51764706
v 2.01000000 1.99000000 4.93333333 0.80392157 0.67450980 0.51764706
v 2.01000000 1.99000000 5.28000000 0.80392157 0.67450980 0.51764706
v 2.01000000 2.02500000 4.93333333 0.80392157 0.67450980 0.51764706
v 2.01000000 2.02500000 5.28000000 0.80392157 0.67450980 0.51764706
v 1.00000000 2.02500000 5.25000000 0.21568627 0.23529412 0.26666667
v 1.00000000 2.02500000 5.28000000 0.21568627 0.23529412 0.26666667
v 1.00000000 2.25000000 5.25000000 0.21568627 0.23529412 0.26666667
v 1.00000000 2.25000000 5.28000000 0.21568627 0.23529412 0.26666667
v 2.00000000 2.02500000 5.25000000 0.21568627 0.23529412 0.26666667
v 2.00000000 2.02500000 5.28000000 0.21568627 0.23529412 0.26666667
v 2.00000000 2.25000000 5.25000000 0.21568627 0.23529412 0.26666667
v 2.00000000 2.25000000 5.28000000 0.21568627 0.23529412 0.26666667
v 0.99000000 2.21500000 5.25000000 0.80392157 0.67450980 0.51764706
v 0.99000000 2.21500000 5.59666667 0.80392157 0.67450980 0.51764706
v 0.99000000 2.25000000 5.25000000 0.80392157 0.67450980 0.51764706
v 0.99000000 2.25000000 5.59666667 0.80392157 0.67450980 0.51764706
v 2.01000000 2.21500000 5.25000000 0.80392157 0.67450980 0.51764706
v 2.01000000 2.21500000 5.59666667 0.80392157 0.67450980 0.51764706
v 2.01000000 2.25000000 5.25000000 0.80392157 0.67450980 0.51764706
v 2.01000000 2.25000000 5.59666667 0.80392157 0.67450980 0.51764706
v 1.00000000 2.25000000 5.56666667 0.21568627 0.23529412 0.26666667
v 1.00000000 2.25000000 5.59666667 0.21568627 0.23529412 0.26666667
v 1.00000000 2.47500000 5.56666667 0.21568627 0.23529412 0.26666667
v 1.00000000 2.47500000 5.59666667 0.21568627 0.23529412 0.26666667
v 2.00000000 2.25000000 5.56666667 0.21568627 0.23529412 0.26666667
v 2.00000000 2.25000000 5.59666667 0.21568627 0.23529412 0.26666667
v 2.00000000 2.47500000 5.56666667 0.21568627 0.23529412 0.26666667
v 2.00000000 2.47500000 5.59666667 0.21568627 0.23529412 0.26666667
v 0.99000000 2.44000000 5.56666667 0.80392157 0.67450980 0.51764706
v 0.99000000 2.44000000 5.91333333 0.80392157 0.67450980 0.51764706
v 0.99000000 2.47500000 5.56666667 0.80392157 0.67450980 0.51764706
v 0.99000000 2.47500000 5.91333333 0.80392157 0.67450980 0.51764706
v 2.01000000 2.44000000 5.56666667 0.80392157 0.67450980 0.51764706
v 2.01000000 2.44000000 5.91333333 0.80392157 0.67450980 0.51764706
v 2.01000000 2.47500000 5.56666667 0.80392157 0.67450980 0.51764706
v 2.01000000 2.47500000 5.91333333 0.80392157 0.67450980 0.51764706
v 1.00000000 2.47500000 5.88333333 0.21568627 0.23529412 0.26666667
v 1.00000000 2.47500000 5.91333333 0.21568627 0.23529412 0.26666667
v 1.00000000 2.70000000 5.88333333 0.21568627 0.23529412 0.26666667
v 1.00000000 2.70000000 5.91333333 0.21568627 0.23529412 0.26666667
v 2.00000000 2.47500000 5.88333333 0.21568627 0.23529412 0.26666667
v 2.00000000 2.47500000 5.91333333 0.21568627 0.23529412 0.26666667
v 2.00000000 2.70000000 5.88333333 0.21568627 0.23529412 0.26666667
v 2.00000000 2.70000000 5.91333333 0.21568627 0.23529412 0.26666667
v 0.99000000 2.66500000 5.88333333 0.80392157 0.67450980 0.51764706
v 0.99000000 2.66500000 6.23000000 0.80392157 0.67450980 0.51764706
v 0.99000000 2.70000000 5.88333333 0.80392157 0.67450980 0.51764706
v 0.99000000 2.70000000 6.23000000 0.80392157 0.67450980 0.51764706
v 2.01000000 2.66500000 5.88333333 0.80392157 0.67450980 0.51764706
v 2.01000000 2.66500000 6.23000000 0.80392157 0.67450980 0.51764706
v 2.01000000 2.70000000 5.88333333 0.80392157 0.67450980 0.51764706
v 2.01000000 2.70000000 6.23000000 0.80392157 0.67450980 0.51764706
v 1.01750000 0.22500000 2.54583333 0.39215686 0.45490196 0.54509804
v 1.01750000 0.22500000 2.57083333 0.39215686 0.45490196 0.54509804
v 1.01750000 1.10500000 2.54583333 0.39215686 0.45490196 0.54509804
v 1.01750000 1.10500000 2.57083333 0.39215686 0.45490196 0.54509804
v 1.04250000 0.22500000 2.54583333 0.39215686 0.45490196 0.54509804
v 1.04250000 0.22500000 2.57083333 0.39215686 0.45490196 0.54509804
v 1.04250000 1.10500000 2.54583333 0.39215686 0.45490196 0.54509804
v 1.04250000 1.10500000 2.57083333 0.39215686 0.45490196 0.54509804
v 1.01750000 0.67500000 3.17916667 0.39215686 0.45490196 0.54509804
v 1.01750000 0.67500000 3.20416667 0.39215686 0.45490196 0.54509804
v 1.01750000 1.55500000 3.17916667 0.39215686 0.45490196 0.54509804
v 1.01750000 1.55500000 3.20416667 0.39215686 0.45490196 0.54509804
v 1.04250000 0.67500000 3.17916667 0.39215686 0.45490196 0.54509804
v 1.04250000 0.67500000 3.20416667 0.39215686 0.45490196 0.54509804
v 1.04250000 1.55500000 3.17916667 0.39215686 0.45490196 0.54509804
v 1.04250000 1.55500000 3.20416667 0.39215686 0.45490196 0.54509804
v 1.01750000 1.12500000 3.81250000 0.39215686 0.45490196 0.54509804
v 1.01750000 1.12500000 3.83750000 0.39215686 0.45490196 0.54509804
v 1.01750000 2.00500000 3.81250000 0.39215686 0.45490196 0.54509804
v 1.01750000 2.00500000 3.83750000 0.39215686 0.45490196 0.54509804
v 1.04250000 1.12500000 3.81250000 0.39215686 0.45490196 0.54509804
v 1.04250000 1.12500000 3.83750000 0.39215686 0.45490196 0.54509804
v 1.04250000 2.00500000 3.81250000 0.39215686 0.45490196 0.54509804
v 1.04250000 2.00500000 3.83750000 0.39215686 0.45490196 0.54509804
v 1.01750000 1.57500000 4.44583333 0.39215686 0.45490196 0.54509804
v 1.01750000 1.57500000 4.47083333 0.39215686 0.45490196 0.54509804
v 1.01750000 2.45500000 4.44583333 0.39215686 0.45490196 0.54509804
v 1.01750000 2.45500000 4.47083333 0.39215686 0.45490196 0.54509804
v 1.04250000 1.57500000 4.44583333 0.39215686 0.45490196 0.54509804
v 1.04250000 1.57500000 4.47083333 0.39215686 0.45490196 0.54509804
v 1.04250000 2.45500000 4.44583333 0.39215686 0.45490196 0.54509804
v 1.04250000 2.45500000 4.47083333 0.39215686 0.45490196 0.54509804
v 1.01750000 2.02500000 5.07916667 0.39215686 0.45490196 0.54509804
v 1.01750000 2.02500000 5.10416667 0.39215686 0.45490196 0.54509804
v 1.01750000 2.90500000 5.07916667 0.39215686 0.45490196 0.54509804
v 1.01750000 2.90500000 5.10416667 0.39215686 0.45490196 0.54509804
v 1.04250000 2.02500000 5.07916667 0.39215686 0.45490196 0.54509804
v 1.04250000 2.02500000 5.10416667 0.39215686 0.45490196 0.54509804
v 1.04250000 2.90500000 5.07916667 0.39215686 0.45490196 0.54509804
v 1.04250000 2.90500000 5.10416667 0.39215686 0.45490196 0.54509804
v 1.01750000 2.47500000 5.71250000 0.39215686 0.45490196 0.54509804
v 1.01750000 2.47500000 5.73750000 0.39215686 0.45490196 0.54509804
v 1.01750000 3.35500000 5.71250000 0.39215686 0.45490196 0.54509804
v 1.01750000 3.35500000 5.73750000 0.39215686 0.45490196 0.54509804
v 1.04250000 2.47500000 5.71250000 0.39215686 0.45490196 0.54509804
v 1.04250000 2.47500000 5.73750000 0.39215686 0.45490196 0.54509804
v 1.04250000 3.35500000 5.71250000 0.39215686 0.45490196 0.54509804
v 1.04250000 3.35500000 5.73750000 0.39215686 0.45490196 0.54509804
v 1.00500000 3.55962049 2.38551982 0.39215686 0.45490196 0.54509804
v 1.00500000 0.85962049 6.18551982 0.39215686 0.45490196 0.54509804
v 1.00500000 3.60037951 2.41448018 0.39215686 0.45490196 0.54509804
v 1.00500000 0.90037951 6.21448018 0.39215686 0.45490196 0.54509804
v 1.05500000 3.55962049 2.38551982 0.39215686 0.45490196 0.54509804
v 1.05500000 0.85962049 6.18551982 0.39215686 0.45490196 0.54509804
v 1.05500000 3.60037951 2.41448018 0.39215686 0.45490196 0.54509804
v 1.05500000 0.90037951 6.21448018 0.39215686 0.45490196 0.54509804
v -3.30000000 0.00000000 10.00000000 0.25098039 0.27450980 0.30588235
v -3.30000000 0.00000000 10.80000000 0.25098039 0.27450980 0.30588235
v -3.30000000 0.38000000 10.00000000 0.25098039 0.27450980 0.30588235
v -3.30000000 0.38000000 10.80000000 0.25098039 0.27450980 0.30588235
v -1.90000000 0.00000000 10.00000000 0.25098039 0.27450980 0.30588235
v -1.90000000 0.00000000 10.80000000 0.25098039 0.27450980 0.30588235
v -1.90000000 0.38000000 10.00000000 0.25098039 0.27450980 0.30588235
v -1.90000000 0.38000000 10.80000000 0.25098039 0.27450980 0.30588235
v -3.30000000 0.38000000 10.62000000 0.25098039 0.27450980 0.30588235
v -3.30000000 0.38000000 10.80000000 0.25098039 0.27450980 0.30588235
v -3.30000000 0.73000000 10.62000000 0.25098039 0.27450980 0.30588235
v -3.30000000 0.73000000 10.80000000 0.25098039 0.27450980 0.30588235
v -1.90000000 0.38000000 10.62000000 0.25098039 0.27450980 0.30588235
v -1.90000000 0.38000000 10.80000000 0.25098039 0.27450980 0.30588235
v -1.90000000 0.73000000 10.62000000 0.25098039 0.27450980 0.30588235
v -1.90000000 0.73000000 10.80000000 0.25098039 0.27450980 0.30588235
v -3.30000000 0.38000000 10.00000000 0.25098039 0.27450980 0.30588235
v -3.30000000 0.38000000 10.80000000 0.25098039 0.27450980 0.30588235
v -3.30000000 0.60000000 10.00000000 0.25098039 0.27450980 0.30588235
v -3.30000000 0.60000000 10.80000000 0.25098039 0.27450980 0.30588235
v -3.15000000 0.38000000 10.00000000 0.25098039 0.27450980 0.30588235
v -3.15000000 0.38000000 10.80000000 0.25098039 0.27450980 0.30588235
v -3.15000000 0.60000000 10.00000000 0.25098039 0.27450980 0.30588235
v -3.15000000 0.60000000 10.80000000 0.25098039 0.27450980 0.30588235
v -2.05000000 0.38000000 10.00000000 0.25098039 0.27450980 0.30588235
v -2.05000000 0.38000000 10.80000000 0.25098039 0.27450980 0.30588235
v -2.05000000 0.60000000 10.00000000 0.25098039 0.27450980 0.30588235
v -2.05000000 0.60000000 10.80000000 0.25098039 0.27450980 0.30588235
v -1.90000000 0.38000000 10.00000000 0.25098039 0.27450980 0.30588235
v -1.90000000 0.38000000 10.80000000 0.25098039 0.27450980 0.30588235
v -1.90000000 0.60000000 10.00000000 0.25098039 0.27450980 0.30588235
v -1.90000000 0.60000000 10.80000000 0.25098039 0.27450980 0.30588235
v -3.00000000 0.30000000 9.30000000 0.47058824 0.33333333 0.19607843
v -3.00000000 0.30000000 9.80000000 0.47058824 0.33333333 0.19607843
v -3.00000000 0.34000000 9.30000000 0.47058824 0.33333333 0.19607843
v -3.00000000 0.34000000 9.80000000 0.47058824 0.33333333 0.19607843
v -2.20000000 0.30000000 9.30000000 0.47058824 0.33333333 0.19607843
v -2.20000000 0.30000000 9.80000000 0.47058824 0.33333333 0.19607843
v -2.20000000 0.34000000 9.30000000 0.47058824 0.33333333 0.19607843
v -2.20000000 0.34000000 9.80000000 0.47058824 0.33333333 0.19607843
v -2.97000000 0.00000000 9.33000000 0.17647059 0.19607843 0.21568627
v -2.97000000 0.00000000 9.37000000 0.17647059 0.19607843 0.21568627
v -2.97000000 0.30000000 9.33000000 0.17647059 0.19607843 0.21568627
v -2.97000000 0.30000000 9.37000000 0.17647059 0.19607843 0.21568627
v -2.93000000 0.00000000 9.33000000 0.17647059 0.19607843 0.21568627
v -2.93000000 0.00000000 9.37000000 0.17647059 0.19607843 0.21568627
v -2.93000000 0.30000000 9.33000000 0.17647059 0.19607843 0.21568627
v -2.93000000 0.30000000 9.37000000 0.17647059 0.19607843 0.21568627
v -2.97000000 0.00000000 9.73000000 0.17647059 0.19607843 0.21568627
v -2.97000000 0.00000000 9.77000000 0.17647059 0.19607843 0.21568627
v -2.97000000 0.30000000 9.73000000 0.17647059 0.19607843 0.21568627
v -2.97000000 0.30000000 9.77000000 0.17647059 0.19607843 0.21568627
v -2.93000000 0.00000000 9.73000000 0.17647059 0.19607843 0.21568627
v -2.93000000 0.00000000 9.77000000 0.17647059 0.19607843 0.21568627
v -2.93000000 0.30000000 9.73000000 0.17647059 0.19607843 0.21568627
v -2.93000000 0.30000000 9.77000000 0.17647059 0.19607843 0.21568627
v -2.27000000 0.00000000 9.33000000 0.17647059 0.19607843 0.21568627
v -2.27000000 0.00000000 9.37000000 0.17647059 0.19607843 0.21568627
v -2.27000000 0.30000000 9.33000000 0.17647059 0.19607843 0.21568627
v -2.27000000 0.30000000 9.37000000 0.17647059 0.19607843 0.21568627
v -2.23000000 0.00000000 9.33000000 0.17647059 0.19607843 0.21568627
v -2.23000000 0.00000000 9.37000000 0.17647059 0.19607843 0.21568627
v -2.23000000 0.30000000 9.33000000 0.17647059 0.19607843 0.21568627
v -2.23000000 0.30000000 9.37000000 0.17647059 0.19607843 0.21568627
v -2.27000000 0.00000000 9.73000000 0.17647059 0.19607843 0.21568627
v -2.27000000 0.00000000 9.77000000 0.17647059 0.19607843 0.21568627
v -2.27000000 0.30000000 9.73000000 0.17647059 0.19607843 0.21568627
v -2.27000000 0.30000000 9.77000000 0.17647059 0.19607843 0.21568627
v -2.23000000 0.00000000 9.73000000 0.17647059 0.19607843 0.21568627
v -2.23000000 0.00000000 9.77000000 0.17647059 0.19607843 0.21568627
v -2.23000000 0.30000000 9.73000000 0.17647059 0.19607843 0.21568627
v -2.23000000 0.30000000 9.77000000 0.17647059 0.19607843 0.21568627
v 0.97500000 0.72000000 8.80000000 0.83137255 0.69803922 0.54901961
v 0.97500000 0.72000000 10.20000000 0.83137255 0.69803922 0.54901961
v 0.97500000 0.76000000 8.80000000 0.83137255 0.69803922 0.54901961
v 0.97500000 0.76000000 10.20000000 0.83137255 0.69803922 0.54901961
v 1.72500000 0.72000000 8.80000000 0.83137255 0.69803922 0.54901961
v 1.72500000 0.72000000 10.20000000 0.83137255 0.69803922 0.54901961
v 1.72500000 0.76000000 8.80000000 0.83137255 0.69803922 0.54901961
v 1.72500000 0.76000000 10.20000000 0.83137255 0.69803922 0.54901961
v 1.01000000 0.00000000 8.86000000 0.17647059 0.19607843 0.21568627
v 1.01000000 0.00000000 8.90000000 0.17647059 0.19607843 0.21568627
v 1.01000000 0.72000000 8.86000000 0.17647059 0.19607843 0.21568627
v 1.01000000 0.72000000 8.90000000 0.17647059 0.19607843 0.21568627
v 1.05000000 0.00000000 8.86000000 0.17647059 0.19607843 0.21568627
v 1.05000000 0.00000000 8.90000000 0.17647059 0.19607843 0.21568627
v 1.05000000 0.72000000 8.86000000 0.17647059 0.19607843 0.21568627
v 1.05000000 0.72000000 8.90000000 0.17647059 0.19607843 0.21568627
v 1.01000000 0.00000000 10.10000000 0.17647059 0.19607843 0.21568627
v 1.01000000 0.00000000 10.14000000 0.17647059 0.19607843 0.21568627
v 1.01000000 0.72000000 10.10000000 0.17647059 0.19607843 0.21568627
v 1.01000000 0.72000000 10.14000000 0.17647059 0.19607843 0.21568627
v 1.05000000 0.00000000 10.10000000 0.17647059 0.19607843 0.21568627
v 1.05000000 0.00000000 10.14000000 0.17647059 0.19607843 0.21568627
v 1.05000000 0.72000000 10.10000000 0.17647059 0.19607843 0.21568627
v 1.05000000 0.72000000 10.14000000 0.17647059 0.19607843 0.21568627
v 1.65000000 0.00000000 8.86000000 0.17647059 0.19607843 0.21568627
v 1.65000000 0.00000000 8.90000000 0.17647059 0.19607843 0.21568627
v 1.65000000 0.72000000 8.86000000 0.17647059 0.19607843 0.21568627
v 1.65000000 0.72000000 8.90000000 0.17647059 0.19607843 0.21568627
v 1.69000000 0.00000000 8.86000000 0.17647059 0.19607843 0.21568627
v 1.69000000 0.00000000 8.90000000 0.17647059 0.19607843 0.21568627
v 1.69000000 0.72000000 8.86000000 0.17647059 0.19607843 0.21568627
v 1.69000000 0.72000000 8.90000000 0.17647059 0.19607843 0.21568627
v 1.65000000 0.00000000 10.10000000 0.17647059 0.19607843 0.21568627
v 1.65000000 0.00000000 10.14000000 0.17647059 0.19607843 0.21568627
v 1.65000000 0.72000000 10.10000000 0.17647059 0.19607843 0.21568627
v 1.65000000 0.72000000 10.14000000 0.17647059 0.19607843 0.21568627
v 1.69000000 0.00000000 10.10000000 0.17647059 0.19607843 0.21568627
v 1.69000000 0.00000000 10.14000000 0.17647059 0.19607843 0.21568627
v 1.69000000 0.72000000 10.10000000 0.17647059 0.19607843 0.21568627
v 1.69000000 0.72000000 10.14000000 0.17647059 0.19607843 0.21568627
v 0.66000000 0.44000000 8.91000000 0.17647059 0.19607843 0.21568627
v 0.66000000 0.44000000 9.29000000 0.17647059 0.19607843 0.21568627
v 0.66000000 0.48000000 8.91000000 0.17647059 0.19607843 0.21568627
v 0.66000000 0.48000000 9.29000000 0.17647059 0.19607843 0.21568627
v 1.04000000 0.44000000 8.91000000 0.17647059 0.19607843 0.21568627
v 1.04000000 0.44000000 9.29000000 0.17647059 0.19607843 0.21568627
v 1.04000000 0.48000000 8.91000000 0.17647059 0.19607843 0.21568627
v 1.04000000 0.48000000 9.29000000 0.17647059 0.19607843 0.21568627
v 0.66000000 0.46000000 8.91000000 0.25098039 0.27450980 0.30588235
v 0.66000000 0.46000000 9.29000000 0.25098039 0.27450980 0.30588235
v 0.66000000 0.84000000 8.91000000 0.25098039 0.27450980 0.30588235
v 0.66000000 0.84000000 9.29000000 0.25098039 0.27450980 0.30588235
v 0.69000000 0.46000000 8.91000000 0.25098039 0.27450980 0.30588235
v 0.69000000 0.46000000 9.29000000 0.25098039 0.27450980 0.30588235
v 0.69000000 0.84000000 8.91000000 0.25098039 0.27450980 0.30588235
v 0.69000000 0.84000000 9.29000000 0.25098039 0.27450980 0.30588235
v 1.66000000 0.44000000 8.91000000 0.17647059 0.19607843 0.21568627
v 1.66000000 0.44000000 9.29000000 0.17647059 0.19607843 0.21568627
v 1.66000000 0.48000000 8.91000000 0.17647059 0.19607843 0.21568627
v 1.66000000 0.48000000 9.29000000 0.17647059 0.19607843 0.21568627
v 2.04000000 0.44000000 8.91000000 0.17647059 0.19607843 0.21568627
v 2.04000000 0.44000000 9.29000000 0.17647059 0.19607843 0.21568627
v 2.04000000 0.48000000 8.91000000 0.17647059 0.19607843 0.21568627
v 2.04000000 0.48000000 9.29000000 0.17647059 0.19607843 0.21568627
v 2.01000000 0.46000000 8.91000000 0.25098039 0.27450980 0.30588235
v 2.01000000 0.46000000 9.29000000 0.25098039 0.27450980 0.30588235
v 2.01000000 0.84000000 8.91000000 0.25098039 0.27450980 0.30588235
v 2.01000000 0.84000000 9.29000000 0.25098039 0.27450980 0.30588235
v 2.04000000 0.46000000 8.91000000 0.25098039 0.27450980 0.30588235
v 2.04000000 0.46000000 9.29000000 0.25098039 0.27450980 0.30588235
v 2.04000000 0.84000000 8.91000000 0.25098039 0.27450980 0.30588235
v 2.04000000 0.84000000 9.29000000 0.25098039 0.27450980 0.30588235
v 0.66000000 0.44000000 9.71000000 0.17647059 0.19607843 0.21568627
v 0.66000000 0.44000000 10.09000000 0.17647059 0.19607843 0.21568627
v 0.66000000 0.48000000 9.71000000 0.17647059 0.19607843 0.21568627
v 0.66000000 0.48000000 10.09000000 0.17647059 0.19607843 0.21568627
v 1.04000000 0.44000000 9.71000000 0.17647059 0.19607843 0.21568627
v 1.04000000 0.44000000 10.09000000 0.17647059 0.19607843 0.21568627
v 1.04000000 0.48000000 9.71000000 0.17647059 0.19607843 0.21568627
v 1.04000000 0.48000000 10.09000000 0.17647059 0.19607843 0.21568627
v 0.66000000 0.46000000 9.71000000 0.25098039 0.27450980 0.30588235
v 0.66000000 0.46000000 10.09000000 0.25098039 0.27450980 0.30588235
v 0.66000000 0.84000000 9.71000000 0.25098039 0.27450980 0.30588235
v 0.66000000 0.84000000 10.09000000 0.25098039 0.27450980 0.30588235
v 0.69000000 0.46000000 9.71000000 0.25098039 0.27450980 0.30588235
v 0.69000000 0.46000000 10.09000000 0.25098039 0.27450980 0.30588235
v 0.69000000 0.84000000 9.71000000 0.25098039 0.27450980 0.30588235
v 0.69000000 0.84000000 10.09000000 0.25098039 0.27450980 0.30588235
v 1.66000000 0.44000000 9.71000000 0.17647059 0.19607843 0.21568627
v 1.66000000 0.44000000 10.09000000 0.17647059 0.19607843 0.21568627
v 1.66000000 0.48000000 9.71000000 0.17647059 0.19607843 0.21568627
v 1.66000000 0.48000000 10.09000000 0.17647059 0.19607843 0.21568627
v 2.04000000 0.44000000 9.71000000 0.17647059 0.19607843 0.21568627
v 2.04000000 0.44000000 10.09000000 0.17647059 0.19607843 0.21568627
v 2.04000000 0.48000000 9.71000000 0.17647059 0.19607843 0.21568627
v 2.04000000 0.48000000 10.09000000 0.17647059 0.19607843 0.21568627
v 2.01000000 0.46000000 9.71000000 0.25098039 0.27450980 0.30588235
v 2.01000000 0.46000000 10.09000000 0.25098039 0.27450980 0.30588235
v 2.01000000 0.84000000 9.71000000 0.25098039 0.27450980 0.30588235
v 2.01000000 0.84000000 10.09000000 0.25098039 0.27450980 0.30588235
v 2.04000000 0.46000000 9.71000000 0.25098039 0.27450980 0.30588235
v 2.04000000 0.46000000 10.09000000 0.25098039 0.27450980 0.30588235
v 2.04000000 0.84000000 9.71000000 0.25098039 0.27450980 0.30588235
v 2.04000000 0.84000000 10.09000000 0.25098039 0.27450980 0.30588235
v 0.99460730 0.28858251 2.96390316 0.44313725 0.39607843 0.34901961
v 0.99460730 0.28858251 3.02390316 0.44313725 0.39607843 0.34901961
v 0.99460730 0.34858251 2.96390316 0.44313725 0.39607843 0.34901961
v 0.99460730 0.34858251 3.02390316 0.44313725 0.39607843 0.34901961
v 1.05460730 0.28858251 2.96390316 0.44313725 0.39607843 0.34901961
v 1.05460730 0.28858251 3.02390316 0.44313725 0.39607843 0.34901961
v 1.05460730 0.34858251 2.96390316 0.44313725 0.39607843 0.34901961
v 1.05460730 0.34858251 3.02390316 0.44313725 0.39607843 0.34901961
v 1.06543359 0.48120492 4.85716221 0.31372549 0.39215686 0.43529412
v 1.06543359 0.48120492 4.91716221 0.31372549 0.39215686 0.43529412
v 1.06543359 0.54120492 4.85716221 0.31372549 0.39215686 0.43529412
v 1.06543359 0.54120492 4.91716221 0.31372549 0.39215686 0.43529412
v 1.12543359 0.48120492 4.85716221 0.31372549 0.39215686 0.43529412
v 1.12543359 0.48120492 4.91716221 0.31372549 0.39215686 0.43529412
v 1.12543359 0.54120492 4.85716221 0.31372549 0.39215686 0.43529412
v 1.12543359 0.54120492 4.91716221 0.31372549 0.39215686 0.43529412
v 1.11238083 0.36363344 5.61446688 0.21960784 0.10980392 0.09411765
v 1.11238083 0.36363344 5.67446688 0.21960784 0.10980392 0.09411765
v 1.11238083 0.42363344 5.61446688 0.21960784 0.10980392 0.09411765
v 1.11238083 0.42363344 5.67446688 0.21960784 0.10980392 0.09411765
v 1.17238083 0.36363344 5.61446688 0.21960784 0.10980392 0.09411765
v 1.17238083 0.36363344 5.67446688 0.21960784 0.10980392 0.09411765
v 1.17238083 0.42363344 5.61446688 0.21960784 0.10980392 0.09411765
v 1.17238083 0.42363344 5.67446688 0.21960784 0.10980392 0.09411765
v 1.18339333 0.51340603 5.68459055 0.27058824 0.38431373 0.55686275
v 1.18339333 0.51340603 5.74459055 0.27058824 0.38431373 0.55686275
v 1.18339333 0.57340603 5.68459055 0.27058824 0.38431373 0.55686275
v 1.18339333 0.57340603 5.74459055 0.27058824 0.38431373 0.55686275
v 1.24339333 0.51340603 5.68459055 0.27058824 0.38431373 0.55686275
v 1.24339333 0.51340603 5.74459055 0.27058824 0.38431373 0.55686275
v 1.24339333 0.57340603 5.68459055 0.27058824 0.38431373 0.55686275
v 1.24339333 0.57340603 5.74459055 0.27058824 0.38431373 0.55686275
v 1.10127577 0.20142775 5.31559488 0.20000000 0.12549020 0.10980392
v 1.10127577 0.20142775 5.37559488 0.20000000 0.12549020 0.10980392
v 1.10127577 0.26142775 5.31559488 0.20000000 0.12549020 0.10980392
v 1.10127577 0.26142775 5.37559488 0.20000000 0.12549020 0.10980392
v 1.16127577 0.20142775 5.31559488 0.20000000 0.12549020 0.10980392
v 1.16127577 0.20142775 5.37559488 0.20000000 0.12549020 0.10980392
v 1.16127577 0.26142775 5.31559488 0.20000000 0.12549020 0.10980392
v 1.16127577 0.26142775 5.37559488 0.20000000 0.12549020 0.10980392
v 1.02237865 0.26953838 5.55057451 0.53725490 0.39607843 0.30980392
v 1.02237865 0.26953838 5.61057451 0.53725490 0.39607843 0.30980392
v 1.02237865 0.32953838 5.55057451 0.53725490 0.39607843 0.30980392
v 1.02237865 0.32953838 5.61057451 0.53725490 0.39607843 0.30980392
v 1.08237865 0.26953838 5.55057451 0.53725490 0.39607843 0.30980392
v 1.08237865 0.26953838 5.61057451 0.53725490 0.39607843 0.30980392
v 1.08237865 0.32953838 5.55057451 0.53725490 0.39607843 0.30980392
v 1.08237865 0.32953838 5.61057451 0.53725490 0.39607843 0.30980392
v 1.06788382 0.48068296 5.41228554 0.17254902 0.12156863 0.23137255
v 1.06788382 0.48068296 5.47228554 0.17254902 0.12156863 0.23137255
v 1.06788382 0.54068296 5.41228554 0.17254902 0.12156863 0.23137255
v 1.06788382 0.54068296 5.47228554 0.17254902 0.12156863 0.23137255
v 1.12788382 0.48068296 5.41228554 0.17254902 0.12156863 0.23137255
v 1.12788382 0.48068296 5.47228554 0.17254902 0.12156863 0.23137255
v 1.12788382 0.54068296 5.41228554 0.17254902 0.12156863 0.23137255
v 1.12788382 0.54068296 5.47228554 0.17254902 0.12156863 0.23137255
v 1.09445354 0.49255653 5.40578100 0.39215686 0.54509804 0.57254902
v 1.09445354 0.49255653 5.46578100 0.39215686 0.54509804 0.57254902
v 1.09445354 0.55255653 5.40578100 0.39215686 0.54509804 0.57254902
v 1.09445354 0.55255653 5.46578100 0.39215686 0.54509804 0.57254902
v 1.15445354 0.49255653 5.40578100 0.39215686 0.54509804 0.57254902
v 1.15445354 0.49255653 5.46578100 0.39215686 0.54509804 0.57254902
v 1.15445354 0.55255653 5.40578100 0.39215686 0.54509804 0.57254902
v 1.15445354 0.55255653 5.46578100 0.39215686 0.54509804 0.57254902
v 1.12749454 0.32465990 5.83356688 0.45098039 0.23137255 0.12549020
v 1.12749454 0.32465990 5.89356688 0.45098039 0.23137255 0.12549020
v 1.12749454 0.38465990 5.83356688 0.45098039 0.23137255 0.12549020
v 1.12749454 0.38465990 5.89356688 0.45098039 0.23137255 0.12549020
v 1.18749454 0.32465990 5.83356688 0.45098039 0.23137255 0.12549020
v 1.18749454 0.32465990 5.89356688 0.45098039 0.23137255 0.12549020
v 1.18749454 0.38465990 5.83356688 0.45098039 0.23137255 0.12549020
v 1.18749454 0.38465990 5.89356688 0.45098039 0.23137255 0.12549020
v 1.14171049 0.32736503 5.73358938 0.67843137 0.46274510 0.30980392
v 1.14171049 0.32736503 5.79358938 0.67843137 0.46274510 0.30980392
v 1.14171049 0.38736503 5.73358938 0.67843137 0.46274510 0.30980392
v 1.14171049 0.38736503 5.79358938 0.67843137 0.46274510 0.30980392
v 1.20171049 0.32736503 5.73358938 0.67843137 0.46274510 0.30980392
v 1.20171049 0.32736503 5.79358938 0.67843137 0.46274510 0.30980392
v 1.20171049 0.38736503 5.73358938 0.67843137 0.46274510 0.30980392
v 1.20171049 0.38736503 5.79358938 0.67843137 0.46274510 0.30980392
v 1.13436291 0.32081227 5.90919325 0.27450980 0.22352941 0.20000000
v 1.13436291 0.32081227 5.96919325 0.27450980 0.22352941 0.20000000
v 1.13436291 0.38081227 5.90919325 0.27450980 0.22352941 0.20000000
v 1.13436291 0.38081227 5.96919325 0.27450980 0.22352941 0.20000000
v 1.19436291 0.32081227 5.90919325 0.27450980 0.22352941 0.20000000
v 1.19436291 0.32081227 5.96919325 0.27450980 0.22352941 0.20000000
v 1.19436291 0.38081227 5.90919325 0.27450980 0.22352941 0.20000000
v 1.19436291 0.38081227 5.96919325 0.27450980 0.22352941 0.20000000
v 1.03373167 0.31256558 5.65407393 0.20000000 0.15686275 0.14901961
v 1.03373167 0.31256558 5.71407393 0.20000000 0.15686275 0.14901961
v 1.03373167 0.37256558 5.65407393 0.20000000 0.15686275 0.14901961
v 1.03373167 0.37256558 5.71407393 0.20000000 0.15686275 0.14901961
v 1.09373167 0.31256558 5.65407393 0.20000000 0.15686275 0.14901961
v 1.09373167 0.31256558 5.71407393 0.20000000 0.15686275 0.14901961
v 1.09373167 0.37256558 5.65407393 0.20000000 0.15686275 0.14901961
v 1.09373167 0.37256558 5.71407393 0.20000000 0.15686275 0.14901961
v 0.67613360 0.72928368 5.86846373 1.00000000 0.99215686 1.00000000
v 0.67613360 0.72928368 5.92846373 1.00000000 0.99215686 1.00000000
v 0.67613360 0.78928368 5.86846373 1.00000000 0.99215686 1.00000000
v 0.67613360 0.78928368 5.92846373 1.00000000 0.99215686 1.00000000
v 0.73613360 0.72928368 5.86846373 1.00000000 0.99215686 1.00000000
v 0.73613360 0.72928368 5.92846373 1.00000000 0.99215686 1.00000000
v 0.73613360 0.78928368 5.86846373 1.00000000 0.99215686 1.00000000
v 0.73613360 0.78928368 5.92846373 1.00000000 0.99215686 1.00000000
v -0.95317474 0.48058574 8.58595154 0.26666667 0.29411765 0.22352941
v -0.95317474 0.48058574 8.64595154 0.26666667 0.29411765 0.22352941
v -0.95317474 0.54058574 8.58595154 0.26666667 0.29411765 0.22352941
v -0.95317474 0.54058574 8.64595154 0.26666667 0.29411765 0.22352941
v -0.89317474 0.48058574 8.58595154 0.26666667 0.29411765 0.22352941
v -0.89317474 0.48058574 8.64595154 0.26666667 0.29411765 0.22352941
v -0.89317474 0.54058574 8.58595154 0.26666667 0.29411765 0.22352941
v -0.89317474 0.54058574 8.64595154 0.26666667 0.29411765 0.22352941
v -0.96168747 0.55836343 9.35870907 0.44705882 0.43137255 0.42745098
v -0.96168747 0.55836343 9.41870907 0.44705882 0.43137255 0.42745098
v -0.96168747 0.61836343 9.35870907 0.44705882 0.43137255 0.42745098
v -0.96168747 0.61836343 9.41870907 0.44705882 0.43137255 0.42745098
v -0.90168747 0.55836343 9.35870907 0.44705882 0.43137255 0.42745098
v -0.90168747 0.55836343 9.41870907 0.44705882 0.43137255 0.42745098
v -0.90168747 0.61836343 9.35870907 0.44705882 0.43137255 0.42745098
v -0.90168747 0.61836343 9.41870907 0.44705882 0.43137255 0.42745098
v -0.92154053 0.40639536 9.19592068 0.49803922 0.52549020 0.56470588
v -0.92154053 0.40639536 9.25592068 0.49803922 0.52549020 0.56470588
v -0.92154053 0.46639536 9.19592068 0.49803922 0.52549020 0.56470588
v -0.92154053 0.46639536 9.25592068 0.49803922 0.52549020 0.56470588
v -0.86154053 0.40639536 9.19592068 0.49803922 0.52549020 0.56470588
v -0.86154053 0.40639536 9.25592068 0.49803922 0.52549020 0.56470588
v -0.86154053 0.46639536 9.19592068 0.49803922 0.52549020 0.56470588
v -0.86154053 0.46639536 9.25592068 0.49803922 0.52549020 0.56470588
v 0.95385113 0.24817369 2.85880920 0.21960784 0.13333333 0.14117647
v 0.95385113 0.24817369 2.91880920 0.21960784 0.13333333 0.14117647
v 0.95385113 0.30817369 2.85880920 0.21960784 0.13333333 0.14117647
v 0.95385113 0.30817369 2.91880920 0.21960784 0.13333333 0.14117647
v 1.01385113 0.24817369 2.85880920 0.21960784 0.13333333 0.14117647
v 1.01385113 0.24817369 2.91880920 0.21960784 0.13333333 0.14117647
v 1.01385113 0.30817369 2.85880920 0.21960784 0.13333333 0.14117647
v 1.01385113 0.30817369 2.91880920 0.21960784 0.13333333 0.14117647
v 0.92597833 0.33108388 4.99593613 0.25098039 0.17647059 0.15294118
v 0.92597833 0.33108388 5.05593613 0.25098039 0.17647059 0.15294118
v 0.92597833 0.39108388 4.99593613 0.25098039 0.17647059 0.15294118
v 0.92597833 0.39108388 5.05593613 0.25098039 0.17647059 0.15294118
v 0.98597833 0.33108388 4.99593613 0.25098039 0.17647059 0.15294118
v 0.98597833 0.33108388 5.05593613 0.25098039 0.17647059 0.15294118
v 0.98597833 0.39108388 4.99593613 0.25098039 0.17647059 0.15294118
v 0.98597833 0.39108388 5.05593613 0.25098039 0.17647059 0.15294118
v 0.89948467 0.47696491 4.81420109 0.26666667 0.36862745 0.49803922
v 0.89948467 0.47696491 4.87420109 0.26666667 0.36862745 0.49803922
v 0.89948467 0.53696491 4.81420109 0.26666667 0.36862745 0.49803922
v 0.89948467 0.53696491 4.87420109 0.26666667 0.36862745 0.49803922
v 0.95948467 0.47696491 4.81420109 0.26666667 0.36862745 0.49803922
v 0.95948467 0.47696491 4.87420109 0.26666667 0.36862745 0.49803922
v 0.95948467 0.53696491 4.81420109 0.26666667 0.36862745 0.49803922
v 0.95948467 0.53696491 4.87420109 0.26666667 0.36862745 0.49803922
v 1.04149911 0.32146569 5.63485214 0.71764706 0.50588235 0.32549020
v 1.04149911 0.32146569 5.69485214 0.71764706 0.50588235 0.32549020
v 1.04149911 0.38146569 5.63485214 0.71764706 0.50588235 0.32549020
v 1.04149911 0.38146569 5.69485214 0.71764706 0.50588235 0.32549020
v 1.10149911 0.32146569 5.63485214 0.71764706 0.50588235 0.32549020
v 1.10149911 0.32146569 5.69485214 0.71764706 0.50588235 0.32549020
v 1.10149911 0.38146569 5.63485214 0.71764706 0.50588235 0.32549020
v 1.10149911 0.38146569 5.69485214 0.71764706 0.50588235 0.32549020
v 1.05384323 0.26953613 5.63698694 0.54117647 0.40000000 0.30588235
v 1.05384323 0.26953613 5.69698694 0.54117647 0.40000000 0.30588235
v 1.05384323 0.32953613 5.63698694 0.54117647 0.40000000 0.30588235
v 1.05384323 0.32953613 5.69698694 0.54117647 0.40000000 0.30588235
v 1.11384323 0.26953613 5.63698694 0.54117647 0.40000000 0.30588235
v 1.11384323 0.26953613 5.69698694 0.54117647 0.40000000 0.30588235
v 1.11384323 0.32953613 5.63698694 0.54117647 0.40000000 0.30588235
v 1.11384323 0.32953613 5.69698694 0.54117647 0.40000000 0.30588235
v 1.12940428 0.55692934 5.54220173 0.28235294 0.36078431 0.49019608
v 1.12940428 0.55692934 5.60220173 0.28235294 0.36078431 0.49019608
v 1.12940428 0.61692934 5.54220173 0.28235294 0.36078431 0.49019608
v 1.12940428 0.61692934 5.60220173 0.28235294 0.36078431 0.49019608
v 1.18940428 0.55692934 5.54220173 0.28235294 0.36078431 0.49019608
v 1.18940428 0.55692934 5.60220173 0.28235294 0.36078431 0.49019608
v 1.18940428 0.61692934 5.54220173 0.28235294 0.36078431 0.49019608
v 1.18940428 0.61692934 5.60220173 0.28235294 0.36078431 0.49019608
v 1.14114413 0.55823128 5.52309916 0.36078431 0.50588235 0.58039216
v 1.14114413 0.55823128 5.58309916 0.36078431 0.50588235 0.58039216
v 1.14114413 0.61823128 5.52309916 0.36078431 0.50588235 0.58039216
v 1.14114413 0.61823128 5.58309916 0.36078431 0.50588235 0.58039216
v 1.20114413 0.55823128 5.52309916 0.36078431 0.50588235 0.58039216
v 1.20114413 0.55823128 5.58309916 0.36078431 0.50588235 0.58039216
v 1.20114413 0.61823128 5.52309916 0.36078431 0.50588235 0.58039216
v 1.20114413 0.61823128 5.58309916 0.36078431 0.50588235 0.58039216
v 1.14313361 0.49913301 5.60957071 0.17254902 0.12156863 0.23137255
v 1.14313361 0.49913301 5.66957071 0.17254902 0.12156863 0.23137255
v 1.14313361 0.55913301 5.60957071 0.17254902 0.12156863 0.23137255
v 1.14313361 0.55913301 5.66957071 0.17254902 0.12156863 0.23137255
v 1.20313361 0.49913301 5.60957071 0.17254902 0.12156863 0.23137255
v 1.20313361 0.49913301 5.66957071 0.17254902 0.12156863 0.23137255
v 1.20313361 0.55913301 5.60957071 0.17254902 0.12156863 0.23137255
v 1.20313361 0.55913301 5.66957071 0.17254902 0.12156863 0.23137255
v 1.10107252 0.31815921 5.82477877 0.27450980 0.20392157 0.16470588
v 1.10107252 0.31815921 5.88477877 0.27450980 0.20392157 0.16470588
v 1.10107252 0.37815921 5.82477877 0.27450980 0.20392157 0.16470588
v 1.10107252 0.37815921 5.88477877 0.27450980 0.20392157 0.16470588
v 1.16107252 0.31815921 5.82477877 0.27450980 0.20392157 0.16470588
v 1.16107252 0.31815921 5.88477877 0.27450980 0.20392157 0.16470588
v 1.16107252 0.37815921 5.82477877 0.27450980 0.20392157 0.16470588
v 1.16107252 0.37815921 5.88477877 0.27450980 0.20392157 0.16470588
v 1.03928861 0.32192378 5.68832657 0.68235294 0.45882353 0.29019608
v 1.03928861 0.32192378 5.74832657 0.68235294 0.45882353 0.29019608
v 1.03928861 0.38192378 5.68832657 0.68235294 0.45882353 0.29019608
v 1.03928861 0.38192378 5.74832657 0.68235294 0.45882353 0.29019608
v 1.09928861 0.32192378 5.68832657 0.68235294 0.45882353 0.29019608
v 1.09928861 0.32192378 5.74832657 0.68235294 0.45882353 0.29019608
v 1.09928861 0.38192378 5.68832657 0.68235294 0.45882353 0.29019608
v 1.09928861 0.38192378 5.74832657 0.68235294 0.45882353 0.29019608
v -0.90734026 0.65892880 7.98848888 0.44705882 0.45098039 0.45882353
v -0.90734026 0.65892880 8.04848888 0.44705882 0.45098039 0.45882353
v -0.90734026 0.71892880 7.98848888 0.44705882 0.45098039 0.45882353
v -0.90734026 0.71892880 8.04848888 0.44705882 0.45098039 0.45882353
v -0.84734026 0.65892880 7.98848888 0.44705882 0.45098039 0.45882353
v -0.84734026 0.65892880 8.04848888 0.44705882 0.45098039 0.45882353
v -0.84734026 0.71892880 7.98848888 0.44705882 0.45098039 0.45882353
v -0.84734026 0.71892880 8.04848888 0.44705882 0.45098039 0.45882353
v -0.92527231 0.48874931 8.70999691 0.42352941 0.38039216 0.39607843
v -0.92527231 0.48874931 8.76999691 0.42352941 0.38039216 0.39607843
v -0.92527231 0.54874931 8.70999691 0.42352941 0.38039216 0.39607843
v -0.92527231 0.54874931 8.76999691 0.42352941 0.38039216 0.39607843
v -0.86527231 0.48874931 8.70999691 0.42352941 0.38039216 0.39607843
v -0.86527231 0.48874931 8.76999691 0.42352941 0.38039216 0.39607843
v -0.86527231 0.54874931 8.70999691 0.42352941 0.38039216 0.39607843
v -0.86527231 0.54874931 8.76999691 0.42352941 0.38039216 0.39607843
v -0.98438492 0.50936826 9.41919395 0.49803922 0.47450980 0.48235294
v -0.98438492 0.50936826 9.47919395 0.49803922 0.47450980 0.48235294
v -0.98438492 0.56936826 9.41919395 0.49803922 0.47450980 0.48235294
v -0.98438492 0.56936826 9.47919395 0.49803922 0.47450980 0.48235294
v -0.92438492 0.50936826 9.41919395 0.49803922 0.47450980 0.48235294
v -0.92438492 0.50936826 9.47919395 0.49803922 0.47450980 0.48235294
v -0.92438492 0.56936826 9.41919395 0.49803922 0.47450980 0.48235294
v -0.92438492 0.56936826 9.47919395 0.49803922 0.47450980 0.48235294
v -1.11020866 0.54325562 9.80925915 0.51764706 0.50196078 0.49803922
v -1.11020866 0.54325562 9.86925915 0.51764706 0.50196078 0.49803922
v -1.11020866 0.60325562 9.80925915 0.51764706 0.50196078 0.49803922
v -1.11020866 0.60325562 9.86925915 0.51764706 0.50196078 0.49803922
v -1.05020866 0.54325562 9.80925915 0.51764706 0.50196078 0.49803922
v -1.05020866 0.54325562 9.86925915 0.51764706 0.50196078 0.49803922
v -1.05020866 0.60325562 9.80925915 0.51764706 0.50196078 0.49803922
v -1.05020866 0.60325562 9.86925915 0.51764706 0.50196078 0.49803922
v -1.10574975 0.56646405 9.43431541 0.46666667 0.43137255 0.43529412
v -1.10574975 0.56646405 9.49431541 0.46666667 0.43137255 0.43529412
v -1.10574975 0.62646405 9.43431541 0.46666667 0.43137255 0.43529412
v -1.10574975 0.62646405 9.49431541 0.46666667 0.43137255 0.43529412
v -1.04574975 0.56646405 9.43431541 0.46666667 0.43137255 0.43529412
v -1.04574975 0.56646405 9.49431541 0.46666667 0.43137255 0.43529412
v -1.04574975 0.62646405 9.43431541 0.46666667 0.43137255 0.43529412
v -1.04574975 0.62646405 9.49431541 0.46666667 0.43137255 0.43529412
v -1.09899154 0.44335850 10.06732246 0.52549020 0.52549020 0.57254902
v -1.09899154 0.44335850 10.12732246 0.52549020 0.52549020 0.57254902
v -1.09899154 0.50335850 10.06732246 0.52549020 0.52549020 0.57254902
v -1.09899154 0.50335850 10.12732246 0.52549020 0.52549020 0.57254902
v -1.03899154 0.44335850 10.06732246 0.52549020 0.52549020 0.57254902
v -1.03899154 0.44335850 10.12732246 0.52549020 0.52549020 0.57254902
v -1.03899154 0.50335850 10.06732246 0.52549020 0.52549020 0.57254902
v -1.03899154 0.50335850 10.12732246 0.52549020 0.52549020 0.57254902
v 0.94828299 0.44652538 4.96433184 0.15294118 0.14509804 0.23137255
v 0.94828299 0.44652538 5.02433184 0.15294118 0.14509804 0.23137255
v 0.94828299 0.50652538 4.96433184 0.15294118 0.14509804 0.23137255
v 0.94828299 0.50652538 5.02433184 0.15294118 0.14509804 0.23137255
v 1.00828299 0.44652538 4.96433184 0.15294118 0.14509804 0.23137255
v 1.00828299 0.44652538 5.02433184 0.15294118 0.14509804 0.23137255
v 1.00828299 0.50652538 4.96433184 0.15294118 0.14509804 0.23137255
v 1.00828299 0.50652538 5.02433184 0.15294118 0.14509804 0.23137255
v 0.99519631 0.30774261 5.52997372 0.30588235 0.19607843 0.15294118
v 0.99519631 0.30774261 5.58997372 0.30588235 0.19607843 0.15294118
v 0.99519631 0.36774261 5.52997372 0.30588235 0.19607843 0.15294118
v 0.99519631 0.36774261 5.58997372 0.30588235 0.19607843 0.15294118
v 1.05519631 0.30774261 5.52997372 0.30588235 0.19607843 0.15294118
v 1.05519631 0.30774261 5.58997372 0.30588235 0.19607843 0.15294118
v 1.05519631 0.36774261 5.52997372 0.30588235 0.19607843 0.15294118
v 1.05519631 0.36774261 5.58997372 0.30588235 0.19607843 0.15294118
v 1.04827210 0.31313341 5.69102642 0.27450980 0.18823529 0.14509804
v 1.04827210 0.31313341 5.75102642 0.27450980 0.18823529 0.14509804
v 1.04827210 0.37313341 5.69102642 0.27450980 0.18823529 0.14509804
v 1.04827210 0.37313341 5.75102642 0.27450980 0.18823529 0.14509804
v 1.10827210 0.31313341 5.69102642 0.27450980 0.18823529 0.14509804
v 1.10827210 0.31313341 5.75102642 0.27450980 0.18823529 0.14509804
v 1.10827210 0.37313341 5.69102642 0.27450980 0.18823529 0.14509804
v 1.10827210 0.37313341 5.75102642 0.27450980 0.18823529 0.14509804
v -3.73311904 1.05261199 11.64475319 0.57254902 0.70980392 0.82745098
v -3.73311904 1.05261199 11.70475319 0.57254902 0.70980392 0.82745098
v -3.73311904 1.11261199 11.64475319 0.57254902 0.70980392 0.82745098
v -3.73311904 1.11261199 11.70475319 0.57254902 0.70980392 0.82745098
v -3.67311904 1.05261199 11.64475319 0.57254902 0.70980392 0.82745098
v -3.67311904 1.05261199 11.70475319 0.57254902 0.70980392 0.82745098
v -3.67311904 1.11261199 11.64475319 0.57254902 0.70980392 0.82745098
v -3.67311904 1.11261199 11.70475319 0.57254902 0.70980392 0.82745098
v -3.83690217 0.99095784 12.08065292 0.72549020 0.86274510 0.94117647
v -3.83690217 0.99095784 12.14065292 0.72549020 0.86274510 0.94117647
v -3.83690217 1.05095784 12.08065292 0.72549020 0.86274510 0.94117647
v -3.83690217 1.05095784 12.14065292 0.72549020 0.86274510 0.94117647
v -3.77690217 0.99095784 12.08065292 0.72549020 0.86274510 0.94117647
v -3.77690217 0.99095784 12.14065292 0.72549020 0.86274510 0.94117647
v -3.77690217 1.05095784 12.08065292 0.72549020 0.86274510 0.94117647
v -3.77690217 1.05095784 12.14065292 0.72549020 0.86274510 0.94117647
v -3.59109428 1.56654768 11.56280872 0.70980392 0.88627451 1.00000000
v -3.59109428 1.56654768 11.62280872 0.70980392 0.88627451 1.00000000
v -3.59109428 1.62654768 11.56280872 0.70980392 0.88627451 1.00000000
v -3.59109428 1.62654768 11.62280872 0.70980392 0.88627451 1.00000000
v -3.53109428 1.56654768 11.56280872 0.70980392 0.88627451 1.00000000
v -3.53109428 1.56654768 11.62280872 0.70980392 0.88627451 1.00000000
v -3.53109428 1.62654768 11.56280872 0.70980392 0.88627451 1.00000000
v -3.53109428 1.62654768 11.62280872 0.70980392 0.88627451 1.00000000
v -3.71862391 1.55888693 11.96521351 0.36862745 0.54117647 0.59215686
v -3.71862391 1.55888693 12.02521351 0.36862745 0.54117647 0.59215686
v -3.71862391 1.61888693 11.96521351 0.36862745 0.54117647 0.59215686
v -3.71862391 1.61888693 12.02521351 0.36862745 0.54117647 0.59215686
v -3.65862391 1.55888693 11.96521351 0.36862745 0.54117647 0.59215686
v -3.65862391 1.55888693 12.02521351 0.36862745 0.54117647 0.59215686
v -3.65862391 1.61888693 11.96521351 0.36862745 0.54117647 0.59215686
v -3.65862391 1.61888693 12.02521351 0.36862745 0.54117647 0.59215686
v -3.69537070 1.48265331 11.97480556 0.56470588 0.68627451 0.80000000
v -3.69537070 1.48265331 12.03480556 0.56470588 0.68627451 0.80000000
v -3.69537070 1.54265331 11.97480556 0.56470588 0.68627451 0.80000000
v -3.69537070 1.54265331 12.03480556 0.56470588 0.68627451 0.80000000
v -3.63537070 1.48265331 11.97480556 0.56470588 0.68627451 0.80000000
v -3.63537070 1.48265331 12.03480556 0.56470588 0.68627451 0.80000000
v -3.63537070 1.54265331 11.97480556 0.56470588 0.68627451 0.80000000
v -3.63537070 1.54265331 12.03480556 0.56470588 0.68627451 0.80000000
v -3.78734210 1.07757072 12.27077267 0.74117647 0.90588235 0.99215686
v -3.78734210 1.07757072 12.33077267 0.74117647 0.90588235 0.99215686
v -3.78734210 1.13757072 12.27077267 0.74117647 0.90588235 0.99215686
v -3.78734210 1.13757072 12.33077267 0.74117647 0.90588235 0.99215686
v -3.72734210 1.07757072 12.27077267 0.74117647 0.90588235 0.99215686
v -3.72734210 1.07757072 12.33077267 0.74117647 0.90588235 0.99215686
v -3.72734210 1.13757072 12.27077267 0.74117647 0.90588235 0.99215686
v -3.72734210 1.13757072 12.33077267 0.74117647 0.90588235 0.99215686
v -3.72991612 1.08986251 12.32019493 0.63529412 0.85098039 0.93333333
v -3.72991612 1.08986251 12.38019493 0.63529412 0.85098039 0.93333333
v -3.72991612 1.14986251 12.32019493 0.63529412 0.85098039 0.93333333
v -3.72991612 1.14986251 12.38019493 0.63529412 0.85098039 0.93333333
v -3.66991612 1.08986251 12.32019493 0.63529412 0.85098039 0.93333333
v -3.66991612 1.08986251 12.38019493 0.63529412 0.85098039 0.93333333
v -3.66991612 1.14986251 12.32019493 0.63529412 0.85098039 0.93333333
v -3.66991612 1.14986251 12.38019493 0.63529412 0.85098039 0.93333333
v 1.05659434 0.32392513 5.73018858 0.69019608 0.46666667 0.29803922
v 1.05659434 0.32392513 5.79018858 0.69019608 0.46666667 0.29803922
v 1.05659434 0.38392513 5.73018858 0.69019608 0.46666667 0.29803922
v 1.05659434 0.38392513 5.79018858 0.69019608 0.46666667 0.29803922
v 1.11659434 0.32392513 5.73018858 0.69019608 0.46666667 0.29803922
v 1.11659434 0.32392513 5.79018858 0.69019608 0.46666667 0.29803922
v 1.11659434 0.38392513 5.73018858 0.69019608 0.46666667 0.29803922
v 1.11659434 0.38392513 5.79018858 0.69019608 0.46666667 0.29803922
v -3.70212200 0.98244368 11.68882820 0.39607843 0.48627451 0.55686275
v -3.70212200 0.98244368 11.74882820 0.39607843 0.48627451 0.55686275
v -3.70212200 1.04244368 11.68882820 0.39607843 0.48627451 0.55686275
v -3.70212200 1.04244368 11.74882820 0.39607843 0.48627451 0.55686275
v -3.64212200 0.98244368 11.68882820 0.39607843 0.48627451 0.55686275
v -3.64212200 0.98244368 11.74882820 0.39607843 0.48627451 0.55686275
v -3.64212200 1.04244368 11.68882820 0.39607843 0.48627451 0.55686275
v -3.64212200 1.04244368 11.74882820 0.39607843 0.48627451 0.55686275
v -3.69200638 1.04186188 11.80104897 0.42745098 0.57254902 0.67843137
v -3.69200638 1.04186188 11.86104897 0.42745098 0.57254902 0.67843137
v -3.69200638 1.10186188 11.80104897 0.42745098 0.57254902 0.67843137
v -3.69200638 1.10186188 11.86104897 0.42745098 0.57254902 0.67843137
v -3.63200638 1.04186188 11.80104897 0.42745098 0.57254902 0.67843137
v -3.63200638 1.04186188 11.86104897 0.42745098 0.57254902 0.67843137
v -3.63200638 1.10186188 11.80104897 0.42745098 0.57254902 0.67843137
v -3.63200638 1.10186188 11.86104897 0.42745098 0.57254902 0.67843137
v -0.85644117 0.18968633 10.08259174 0.34901961 0.40784314 0.49019608
v -0.85644117 0.18968633 10.14259174 0.34901961 0.40784314 0.49019608
v -0.85644117 0.24968633 10.08259174 0.34901961 0.40784314 0.49019608
v -0.85644117 0.24968633 10.14259174 0.34901961 0.40784314 0.49019608
v -0.79644117 0.18968633 10.08259174 0.34901961 0.40784314 0.49019608
v -0.79644117 0.18968633 10.14259174 0.34901961 0.40784314 0.49019608
v -0.79644117 0.24968633 10.08259174 0.34901961 0.40784314 0.49019608
v -0.79644117 0.24968633 10.14259174 0.34901961 0.40784314 0.49019608
v -0.94423035 0.17728716 10.55665371 0.36470588 0.41176471 0.46666667
v -0.94423035 0.17728716 10.61665371 0.36470588 0.41176471 0.46666667
v -0.94423035 0.23728716 10.55665371 0.36470588 0.41176471 0.46666667
v -0.94423035 0.23728716 10.61665371 0.36470588 0.41176471 0.46666667
v -0.88423035 0.17728716 10.55665371 0.36470588 0.41176471 0.46666667
v -0.88423035 0.17728716 10.61665371 0.36470588 0.41176471 0.46666667
v -0.88423035 0.23728716 10.55665371 0.36470588 0.41176471 0.46666667
v -0.88423035 0.23728716 10.61665371 0.36470588 0.41176471 0.46666667
v -0.93599436 0.66953121 11.39257404 0.37647059 0.44313725 0.47058824
v -0.93599436 0.66953121 11.45257404 0.37647059 0.44313725 0.47058824
v -0.93599436 0.72953121 11.39257404 0.37647059 0.44313725 0.47058824
v -0.93599436 0.72953121 11.45257404 0.37647059 0.44313725 0.47058824
v -0.87599436 0.66953121 11.39257404 0.37647059 0.44313725 0.47058824
v -0.87599436 0.66953121 11.45257404 0.37647059 0.44313725 0.47058824
v -0.87599436 0.72953121 11.39257404 0.37647059 0.44313725 0.47058824
v -0.87599436 0.72953121 11.45257404 0.37647059 0.44313725 0.47058824
v -0.83455494 0.57131248 11.49106667 1.00000000 1.00000000 1.00000000
v -0.83455494 0.57131248 11.55106667 1.00000000 1.00000000 1.00000000
v -0.83455494 0.63131248 11.49106667 1.00000000 1.00000000 1.00000000
v -0.83455494 0.63131248 11.55106667 1.00000000 1.00000000 1.00000000
v -0.77455494 0.57131248 11.49106667 1.00000000 1.00000000 1.00000000
v -0.77455494 0.57131248 11.55106667 1.00000000 1.00000000 1.00000000
v -0.77455494 0.63131248 11.49106667 1.00000000 1.00000000 1.00000000
v -0.77455494 0.63131248 11.55106667 1.00000000 1.00000000 1.00000000
v -1.03961876 0.71676629 12.22442982 0.99607843 0.99607843 0.99607843
v -1.03961876 0.71676629 12.28442982 0.99607843 0.99607843 0.99607843
v -1.03961876 0.77676629 12.22442982 0.99607843 0.99607843 0.99607843
v -1.03961876 0.77676629 12.28442982 0.99607843 0.99607843 0.99607843
v -0.97961876 0.71676629 12.22442982 0.99607843 0.99607843 0.99607843
v -0.97961876 0.71676629 12.28442982 0.99607843 0.99607843 0.99607843
v -0.97961876 0.77676629 12.22442982 0.99607843 0.99607843 0.99607843
v -0.97961876 0.77676629 12.28442982 0.99607843 0.99607843 0.99607843
v -1.02746841 0.51479607 9.56433937 0.48235294 0.46666667 0.46274510
v -1.02746841 0.51479607 9.62433937 0.48235294 0.46666667 0.46274510
v -1.02746841 0.57479607 9.56433937 0.48235294 0.46666667 0.46274510
v -1.02746841 0.57479607 9.62433937 0.48235294 0.46666667 0.46274510
v -0.96746841 0.51479607 9.56433937 0.48235294 0.46666667 0.46274510
v -0.96746841 0.51479607 9.62433937 0.48235294 0.46666667 0.46274510
v -0.96746841 0.57479607 9.56433937 0.48235294 0.46666667 0.46274510
v -0.96746841 0.57479607 9.62433937 0.48235294 0.46666667 0.46274510
v -1.28139725 0.82529764 12.44860909 0.21960784 0.30588235 0.39607843
v -1.28139725 0.82529764 12.50860909 0.21960784 0.30588235 0.39607843
v -1.28139725 0.88529764 12.44860909 0.21960784 0.30588235 0.39607843
v -1.28139725 0.88529764 12.50860909 0.21960784 0.30588235 0.39607843
v -1.22139725 0.82529764 12.44860909 0.21960784 0.30588235 0.39607843
v -1.22139725 0.82529764 12.50860909 0.21960784 0.30588235 0.39607843
v -1.22139725 0.88529764 12.44860909 0.21960784 0.30588235 0.39607843
v -1.22139725 0.88529764 12.50860909 0.21960784 0.30588235 0.39607843
v -1.32781950 0.83472626 12.26191589 0.21960784 0.27058824 0.33725490
v -1.32781950 0.83472626 12.32191589 0.21960784 0.27058824 0.33725490
v -1.32781950 0.89472626 12.26191589 0.21960784 0.27058824 0.33725490
v -1.32781950 0.89472626 12.32191589 0.21960784 0.27058824 0.33725490
v -1.26781950 0.83472626 12.26191589 0.21960784 0.27058824 0.33725490
v -1.26781950 0.83472626 12.32191589 0.21960784 0.27058824 0.33725490
v -1.26781950 0.89472626 12.26191589 0.21960784 0.27058824 0.33725490
v -1.26781950 0.89472626 12.32191589 0.21960784 0.27058824 0.33725490
v 0.89399096 0.34839477 4.86446688 0.28627451 0.18039216 0.09803922
v 0.89399096 0.34839477 4.92446688 0.28627451 0.18039216 0.09803922
v 0.89399096 0.40839477 4.86446688 0.28627451 0.18039216 0.09803922
v 0.89399096 0.40839477 4.92446688 0.28627451 0.18039216 0.09803922
v 0.95399096 0.34839477 4.86446688 0.28627451 0.18039216 0.09803922
v 0.95399096 0.34839477 4.92446688 0.28627451 0.18039216 0.09803922
v 0.95399096 0.40839477 4.86446688 0.28627451 0.18039216 0.09803922
v 0.95399096 0.40839477 4.92446688 0.28627451 0.18039216 0.09803922
v 1.02827582 0.31046291 5.61597368 0.43529412 0.36862745 0.29019608
v 1.02827582 0.31046291 5.67597368 0.43529412 0.36862745 0.29019608
v 1.02827582 0.37046291 5.61597368 0.43529412 0.36862745 0.29019608
v 1.02827582 0.37046291 5.67597368 0.43529412 0.36862745 0.29019608
v 1.08827582 0.31046291 5.61597368 0.43529412 0.36862745 0.29019608
v 1.08827582 0.31046291 5.67597368 0.43529412 0.36862745 0.29019608
v 1.08827582 0.37046291 5.61597368 0.43529412 0.36862745 0.29019608
v 1.08827582 0.37046291 5.67597368 0.43529412 0.36862745 0.29019608
v 1.04156932 0.31214394 5.49449274 0.33725490 0.18823529 0.11372549
v 1.04156932 0.31214394 5.55449274 0.33725490 0.18823529 0.11372549
v 1.04156932 0.37214394 5.49449274 0.33725490 0.18823529 0.11372549
v 1.04156932 0.37214394 5.55449274 0.33725490 0.18823529 0.11372549
v 1.10156932 0.31214394 5.49449274 0.33725490 0.18823529 0.11372549
v 1.10156932 0.31214394 5.55449274 0.33725490 0.18823529 0.11372549
v 1.10156932 0.37214394 5.49449274 0.33725490 0.18823529 0.11372549
v 1.10156932 0.37214394 5.55449274 0.33725490 0.18823529 0.11372549
v 1.13153777 0.56129776 5.56018135 0.07450980 0.12156863 0.17647059
v 1.13153777 0.56129776 5.62018135 0.07450980 0.12156863 0.17647059
v 1.13153777 0.62129776 5.56018135 0.07450980 0.12156863 0.17647059
v 1.13153777 0.62129776 5.62018135 0.07450980 0.12156863 0.17647059
v 1.19153777 0.56129776 5.56018135 0.07450980 0.12156863 0.17647059
v 1.19153777 0.56129776 5.62018135 0.07450980 0.12156863 0.17647059
v 1.19153777 0.62129776 5.56018135 0.07450980 0.12156863 0.17647059
v 1.19153777 0.62129776 5.62018135 0.07450980 0.12156863 0.17647059
v 1.02430543 0.31112464 5.64986059 0.46274510 0.35294118 0.27058824
v 1.02430543 0.31112464 5.70986059 0.46274510 0.35294118 0.27058824
v 1.02430543 0.37112464 5.64986059 0.46274510 0.35294118 0.27058824
v 1.02430543 0.37112464 5.70986059 0.46274510 0.35294118 0.27058824
v 1.08430543 0.31112464 5.64986059 0.46274510 0.35294118 0.27058824
v 1.08430543 0.31112464 5.70986059 0.46274510 0.35294118 0.27058824
v 1.08430543 0.37112464 5.64986059 0.46274510 0.35294118 0.27058824
v 1.08430543 0.37112464 5.70986059 0.46274510 0.35294118 0.27058824
v 1.16345558 0.57045316 5.63514587 0.20392157 0.25490196 0.32941176
v 1.16345558 0.57045316 5.69514587 0.20392157 0.25490196 0.32941176
v 1.16345558 0.63045316 5.63514587 0.20392157 0.25490196 0.32941176
v 1.16345558 0.63045316 5.69514587 0.20392157 0.25490196 0.32941176
v 1.22345558 0.57045316 5.63514587 0.20392157 0.25490196 0.32941176
v 1.22345558 0.57045316 5.69514587 0.20392157 0.25490196 0.32941176
v 1.22345558 0.63045316 5.63514587 0.20392157 0.25490196 0.32941176
v 1.22345558 0.63045316 5.69514587 0.20392157 0.25490196 0.32941176
v 1.10368046 0.32066630 5.88696692 0.27843137 0.17647059 0.12549020
v 1.10368046 0.32066630 5.94696692 0.27843137 0.17647059 0.12549020
v 1.10368046 0.38066630 5.88696692 0.27843137 0.17647059 0.12549020
v 1.10368046 0.38066630 5.94696692 0.27843137 0.17647059 0.12549020
v 1.16368046 0.32066630 5.88696692 0.27843137 0.17647059 0.12549020
v 1.16368046 0.32066630 5.94696692 0.27843137 0.17647059 0.12549020
v 1.16368046 0.38066630 5.88696692 0.27843137 0.17647059 0.12549020
v 1.16368046 0.38066630 5.94696692 0.27843137 0.17647059 0.12549020
v -0.89367792 0.61953609 10.43727371 0.98823529 0.99215686 1.00000000
v -0.89367792 0.61953609 10.49727371 0.98823529 0.99215686 1.00000000
v -0.89367792 0.67953609 10.43727371 0.98823529 0.99215686 1.00000000
v -0.89367792 0.67953609 10.49727371 0.98823529 0.99215686 1.00000000
v -0.83367792 0.61953609 10.43727371 0.98823529 0.99215686 1.00000000
v -0.83367792 0.61953609 10.49727371 0.98823529 0.99215686 1.00000000
v -0.83367792 0.67953609 10.43727371 0.98823529 0.99215686 1.00000000
v -0.83367792 0.67953609 10.49727371 0.98823529 0.99215686 1.00000000
v -0.83751181 0.62923520 10.69770405 0.35686275 0.39607843 0.40392157
v -0.83751181 0.62923520 10.75770405 0.35686275 0.39607843 0.40392157
v -0.83751181 0.68923520 10.69770405 0.35686275 0.39607843 0.40392157
v -0.83751181 0.68923520 10.75770405 0.35686275 0.39607843 0.40392157
v -0.77751181 0.62923520 10.69770405 0.35686275 0.39607843 0.40392157
v -0.77751181 0.62923520 10.75770405 0.35686275 0.39607843 0.40392157
v -0.77751181 0.68923520 10.69770405 0.35686275 0.39607843 0.40392157
v -0.77751181 0.68923520 10.75770405 0.35686275 0.39607843 0.40392157
v -0.91053459 0.17368064 10.39456627 0.72156863 0.78431373 0.91372549
v -0.91053459 0.17368064 10.45456627 0.72156863 0.78431373 0.91372549
v -0.91053459 0.23368064 10.39456627 0.72156863 0.78431373 0.91372549
v -0.91053459 0.23368064 10.45456627 0.72156863 0.78431373 0.91372549
v -0.85053459 0.17368064 10.39456627 0.72156863 0.78431373 0.91372549
v -0.85053459 0.17368064 10.45456627 0.72156863 0.78431373 0.91372549
v -0.85053459 0.23368064 10.39456627 0.72156863 0.78431373 0.91372549
v -0.85053459 0.23368064 10.45456627 0.72156863 0.78431373 0.91372549
v -1.06670955 0.68957989 11.45279381 0.88235294 0.94509804 0.94509804
v -1.06670955 0.68957989 11.51279381 0.88235294 0.94509804 0.94509804
v -1.06670955 0.74957989 11.45279381 0.88235294 0.94509804 0.94509804
v -1.06670955 0.74957989 11.51279381 0.88235294 0.94509804 0.94509804
v -1.00670955 0.68957989 11.45279381 0.88235294 0.94509804 0.94509804
v -1.00670955 0.68957989 11.51279381 0.88235294 0.94509804 0.94509804
v -1.00670955 0.74957989 11.45279381 0.88235294 0.94509804 0.94509804
v -1.00670955 0.74957989 11.51279381 0.88235294 0.94509804 0.94509804
v -1.05472329 0.68870198 11.36891052 0.95686275 0.97254902 0.97647059
v -1.05472329 0.68870198 11.42891052 0.95686275 0.97254902 0.97647059
v -1.05472329 0.74870198 11.36891052 0.95686275 0.97254902 0.97647059
v -1.05472329 0.74870198 11.42891052 0.95686275 0.97254902 0.97647059
v -0.99472329 0.68870198 11.36891052 0.95686275 0.97254902 0.97647059
v -0.99472329 0.68870198 11.42891052 0.95686275 0.97254902 0.97647059
v -0.99472329 0.74870198 11.36891052 0.95686275 0.97254902 0.97647059
v -0.99472329 0.74870198 11.42891052 0.95686275 0.97254902 0.97647059
v -0.95760724 0.67895590 11.65740940 0.99607843 0.99607843 1.00000000
v -0.95760724 0.67895590 11.71740940 0.99607843 0.99607843 1.00000000
v -0.95760724 0.73895590 11.65740940 0.99607843 0.99607843 1.00000000
v -0.95760724 0.73895590 11.71740940 0.99607843 0.99607843 1.00000000
v -0.89760724 0.67895590 11.65740940 0.99607843 0.99607843 1.00000000
v -0.89760724 0.67895590 11.71740940 0.99607843 0.99607843 1.00000000
v -0.89760724 0.73895590 11.65740940 0.99607843 0.99607843 1.00000000
v -0.89760724 0.73895590 11.71740940 0.99607843 0.99607843 1.00000000
v -1.00312880 0.69738125 11.54165051 0.27843137 0.31764706 0.36470588
v -1.00312880 0.69738125 11.60165051 0.27843137 0.31764706 0.36470588
v -1.00312880 0.75738125 11.54165051 0.27843137 0.31764706 0.36470588
v -1.00312880 0.75738125 11.60165051 0.27843137 0.31764706 0.36470588
v -0.94312880 0.69738125 11.54165051 0.27843137 0.31764706 0.36470588
v -0.94312880 0.69738125 11.60165051 0.27843137 0.31764706 0.36470588
v -0.94312880 0.75738125 11.54165051 0.27843137 0.31764706 0.36470588
v -0.94312880 0.75738125 11.60165051 0.27843137 0.31764706 0.36470588
v -0.93180784 0.39189260 9.50324032 0.50588235 0.54509804 0.58039216
v -0.93180784 0.39189260 9.56324032 0.50588235 0.54509804 0.58039216
v -0.93180784 0.45189260 9.50324032 0.50588235 0.54509804 0.58039216
v -0.93180784 0.45189260 9.56324032 0.50588235 0.54509804 0.58039216
v -0.87180784 0.39189260 9.50324032 0.50588235 0.54509804 0.58039216
v -0.87180784 0.39189260 9.56324032 0.50588235 0.54509804 0.58039216
v -0.87180784 0.45189260 9.50324032 0.50588235 0.54509804 0.58039216
v -0.87180784 0.45189260 9.56324032 0.50588235 0.54509804 0.58039216
v -1.12583592 0.72377013 11.97314903 0.48235294 0.51764706 0.55294118
v -1.12583592 0.72377013 12.03314903 0.48235294 0.51764706 0.55294118
v -1.12583592 0.78377013 11.97314903 0.48235294 0.51764706 0.55294118
v -1.12583592 0.78377013 12.03314903 0.48235294 0.51764706 0.55294118
v -1.06583592 0.72377013 11.97314903 0.48235294 0.51764706 0.55294118
v -1.06583592 0.72377013 12.03314903 0.48235294 0.51764706 0.55294118
v -1.06583592 0.78377013 11.97314903 0.48235294 0.51764706 0.55294118
v -1.06583592 0.78377013 12.03314903 0.48235294 0.51764706 0.55294118
v -1.31924537 0.81067621 12.35081551 0.58431373 0.63921569 0.79215686
v -1.31924537 0.81067621 12.41081551 0.58431373 0.63921569 0.79215686
v -1.31924537 0.87067621 12.35081551 0.58431373 0.63921569 0.79215686
v -1.31924537 0.87067621 12.41081551 0.58431373 0.63921569 0.79215686
v -1.25924537 0.81067621 12.35081551 0.58431373 0.63921569 0.79215686
v -1.25924537 0.81067621 12.41081551 0.58431373 0.63921569 0.79215686
v -1.25924537 0.87067621 12.35081551 0.58431373 0.63921569 0.79215686
v -1.25924537 0.87067621 12.41081551 0.58431373 0.63921569 0.79215686
v -1.11276916 0.44144030 10.14012119 0.94117647 0.86274510 0.96862745
v -1.11276916 0.44144030 10.20012119 0.94117647 0.86274510 0.96862745
v -1.11276916 0.50144030 10.14012119 0.94117647 0.86274510 0.96862745
v -1.11276916 0.50144030 10.20012119 0.94117647 0.86274510 0.96862745
v -1.05276916 0.44144030 10.14012119 0.94117647 0.86274510 0.96862745
v -1.05276916 0.44144030 10.20012119 0.94117647 0.86274510 0.96862745
v -1.05276916 0.50144030 10.14012119 0.94117647 0.86274510 0.96862745
v -1.05276916 0.50144030 10.20012119 0.94117647 0.86274510 0.96862745
v -1.42394581 0.87044190 13.24172470 0.96078431 1.00000000 1.00000000
v -1.42394581 0.87044190 13.30172470 0.96078431 1.00000000 1.00000000
v -1.42394581 0.93044190 13.24172470 0.96078431 1.00000000 1.00000000
v -1.42394581 0.93044190 13.30172470 0.96078431 1.00000000 1.00000000
v -1.36394581 0.87044190 13.24172470 0.96078431 1.00000000 1.00000000
v -1.36394581 0.87044190 13.30172470 0.96078431 1.00000000 1.00000000
v -1.36394581 0.93044190 13.24172470 0.96078431 1.00000000 1.00000000
v -1.36394581 0.93044190 13.30172470 0.96078431 1.00000000 1.00000000
f 2 4 1
f 5 2 1
f 1 4 3
f 3 5 1
f 2 8 4
f 6 2 5
f 6 8 2
f 4 8 3
f 7 5 3
f 3 8 7
f 7 6 5
f 8 6 7
f 10 12 9
f 13 10 9
f 9 12 11
f 11 13 9
f 10 16 12
f 14 10 13
f 14 16 10
f 12 16 11
f 15 13 11
f 11 16 15
f 15 14 13
f 16 14 15
f 18 20 17
f 21 18 17
f 17 20 19
f 19 21 17
f 18 24 20
f 22 18 21
f 22 24 18
f 20 24 19
f 23 21 19
f 19 24 23
f 23 22 21
f 24 22 23
f 26 28 25
f 29 26 25
f 25 28 27
f 27 29 25
f 26 32 28
f 30 26 29
f 30 32 26
f 28 32 27
f 31 29 27
f 27 32 31
f 31 30 29
f 32 30 31
f 34 36 33
f 37 34 33
f 33 36 35
f 35 37 33
f 34 40 36
f 38 34 37
f 38 40 34
f 36 40 35
f 39 37 35
f 35 40 39
f 39 38 37
f 40 38 39
f 42 44 41
f 45 42 41
f 41 44 43
f 43 45 41
f 42 48 44
f 46 42 45
f 46 48 42
f 44 48 43
f 47 45 43
f 43 48 47
f 47 46 45
f 48 46 47
f 50 52 49
f 53 50 49
f 49 52 51
f 51 53 49
f 50 56 52
f 54 50 53
f 54 56 50
f 52 56 51
f 55 53 51
f 51 56 55
f 55 54 53
f 56 54 55
f 58 60 57
f 61 58 57
f 57 60 59
f 59 61 57
f 58 64 60
f 62 58 61
f 62 64 58
f 60 64 59
f 63 61 59
f 59 64 63
f 63 62 61
f 64 62 63
f 66 68 65
f 69 66 65
f 65 68 67
f 67 69 65
f 66 72 68
f 70 66 69
f 70 72 66
f 68 72 67
f 71 69 67
f 67 72 71
f 71 70 69
f 72 70 71
f 74 76 73
f 77 74 73
f 73 76 75
f 75 77 73
f 74 80 76
f 78 74 77
f 78 80 74
f 76 80 75
f 79 77 75
f 75 80 79
f 79 78 77
f 80 78 79
f 82 84 81
f 85 82 81
f 81 84 83
f 83 85 81
f 82 88 84
f 86 82 85
f 86 88 82
f 84 88 83
f 87 85 83
f 83 88 87
f 87 86 85
f 88 86 87
f 90 92 89
f 93 90 89
f 89 92 91
f 91 93 89
f 90 96 92
f 94 90 93
f 94 96 90
f 92 96 91
f 95 93 91
f 91 96 95
f 95 94 93
f 96 94 95
f 98 100 97
f 101 98 97
f 97 100 99
f 99 101 97
f 98 104 100
f 102 98 101
f 102 104 98
f 100 104 99
f 103 101 99
f 99 104 103
f 103 102 101
f 104 102 103
f 106 108 105
f 109 106 105
f 105 108 107
f 107 109 105
f 106 112 108
f 110 106 109
f 110 112 106
f 108 112 107
f 111 109 107
f 107 112 111
f 111 110 109
f 112 110 111
f 114 116 113
f 117 114 113
f 113 116 115
f 115 117 113
f 114 120 116
f 118 114 117
f 118 120 114
f 116 120 115
f 119 117 115
f 115 120 119
f 119 118 117
f 120 118 119
f 122 124 121
f 125 122 121
f 121 124 123
f 123 125 121
f 122 128 124
f 126 122 125
f 126 128 122
f 124 128 123
f 127 125 123
f 123 128 127
f 127 126 125
f 128 126 127
f 130 132 129
f 133 130 129
f 129 132 131
f 131 133 129
f 130 136 132
f 134 130 133
f 134 136 130
f 132 136 131
f 135 133 131
f 131 136 135
f 135 134 133
f 136 134 135
f 138 140 137
f 141 138 137
f 137 140 139
f 139 141 137
f 138 144 140
f 142 138 141
f 142 144 138
f 140 144 139
f 143 141 139
f 139 144 143
f 143 142 141
f 144 142 143
f 146 148 145
f 149 146 145
f 145 148 147
f 147 149 145
f 146 152 148
f 150 146 149
f 150 152 146
f 148 152 147
f 151 149 147
f 147 152 151
f 151 150 149
f 152 150 151
f 154 156 153
f 157 154 153
f 153 156 155
f 155 157 153
f 154 160 156
f 158 154 157
f 158 160 154
f 156 160 155
f 159 157 155
f 155 160 159
f 159 158 157
f 160 158 159
f 162 164 161
f 165 162 161
f 161 164 163
f 163 165 161
f 162 168 164
f 166 162 165
f 166 168 162
f 164 168 163
f 167 165 163
f 163 168 167
f 167 166 165
f 168 166 167
f 170 172 169
f 173 170 169
f 169 172 171
f 171 173 169
f 170 176 172
f 174 170 173
f 174 176 170
f 172 176 171
f 175 173 171
f 171 176 175
f 175 174 173
f 176 174 175
f 178 180 177
f 181 178 177
f 177 180 179
f 179 181 177
f 178 184 180
f 182 178 181
f 182 184 178
f 180 184 179
f 183 181 179
f 179 184 183
f 183 182 181
f 184 182 183
f 186 188 185
f 189 186 185
f 185 188 187
f 187 189 185
f 186 192 188
f 190 186 189
f 190 192 186
f 188 192 187
f 191 189 187
f 187 192 191
f 191 190 189
f 192 190 191
f 194 196 193
f 197 194 193
f 193 196 195
f 195 197 193
f 194 200 196
f 198 194 197
f 198 200 194
f 196 200 195
f 199 197 195
f 195 200 199
f 199 198 197
f 200 198 199
f 202 204 201
f 205 202 201
f 201 204 203
f 203 205 201
f 202 208 204
f 206 202 205
f 206 208 202
f 204 208 203
f 207 205 203
f 203 208 207
f 207 206 205
f 208 206 207
f 210 212 209
f 213 210 209
f 209 212 211
f 211 213 209
f 210 216 212
f 214 210 213
f 214 216 210
f 212 216 211
f 215 213 211
f 211 216 215
f 215 214 213
f 216 214 215
f 218 220 217
f 221 218 217
f 217 220 219
f 219 221 217
f 218 224 220
f 222 218 221
f 222 224 218
f 220 224 219
f 223 221 219
f 219 224 223
f 223 222 221
f 224 222 223
f 226 228 225
f 229 226 225
f 225 228 227
f 227 229 225
f 226 232 228
f 230 226 229
f 230 232 226
f 228 232 227
f 231 229 227
f 227 232 231
f 231 230 229
f 232 230 231
f 234 236 233
f 237 234 233
f 233 236 235
f 235 237 233
f 234 240 236
f 238 234 237
f 238 240 234
f 236 240 235
f 239 237 235
f 235 240 239
f 239 238 237
f 240 238 239
f 242 244 241
f 245 242 241
f 241 244 243
f 243 245 241
f 242 248 244
f 246 242 245
f 246 248 242
f 244 248 243
f 247 245 243
f 243 248 247
f 247 246 245
f 248 246 247
f 250 252 249
f 253 250 249
f 249 252 251
f 251 253 249
f 250 256 252
f 254 250 253
f 254 256 250
f 252 256 251
f 255 253 251
f 251 256 255
f 255 254 253
f 256 254 255
f 258 260 257
f 261 258 257
f 257 260 259
f 259 261 257
f 258 264 260
f 262 258 261
f 262 264 258
f 260 264 259
f 263 261 259
f 259 264 263
f 263 262 261
f 264 262 263
f 266 268 265
f 269 266 265
f 265 268 267
f 267 269 265
f 266 272 268
f 270 266 269
f 270 272 266
f 268 272 267
f 271 269 267
f 267 272 271
f 271 270 269
f 272 270 271
f 274 276 273
f 277 274 273
f 273 276 275
f 275 277 273
f 274 280 276
f 278 274 277
f 278 280 274
f 276 280 275
f 279 277 275
f 275 280 279
f 279 278 277
f 280 278 279
f 282 284 281
f 285 282 281
f 281 284 283
f 283 285 281
f 282 288 284
f 286 282 285
f 286 288 282
f 284 288 283
f 287 285 283
f 283 288 287
f 287 286 285
f 288 286 287
f 290 292 289
f 293 290 289
f 289 292 291
f 291 293 289
f 290 296 292
f 294 290 293
f 294 296 290
f 292 296 291
f 295 293 291
f 291 296 295
f 295 294 293
f 296 294 295
f 298 300 297
f 301 298 297
f 297 300 299
f 299 301 297
f 298 304 300
f 302 298 301
f 302 304 298
f 300 304 299
f 303 301 299
f 299 304 303
f 303 302 301
f 304 302 303
f 306 308 305
f 309 306 305
f 305 308 307
f 307 309 305
f 306 312 308
f 310 306 309
f 310 312 306
f 308 312 307
f 311 309 307
f 307 312 311
f 311 310 309
f 312 310 311
f 314 316 313
f 317 314 313
f 313 316 315
f 315 317 313
f 314 320 316
f 318 314 317
f 318 320 314
f 316 320 315
f 319 317 315
f 315 320 319
f 319 318 317
f 320 318 319
f 322 324 321
f 325 322 321
f 321 324 323
f 323 325 321
f 322 328 324
f 326 322 325
f 326 328 322
f 324 328 323
f 327 325 323
f 323 328 327
f 327 326 325
f 328 326 327
f 330 332 329
f 333 330 329
f 329 332 331
f 331 333 329
f 330 336 332
f 334 330 333
f 334 336 330
f 332 336 331
f 335 333 331
f 331 336 335
f 335 334 333
f 336 334 335
f 338 340 337
f 341 338 337
f 337 340 339
f 339 341 337
f 338 344 340
f 342 338 341
f 342 344 338
f 340 344 339
f 343 341 339
f 339 344 343
f 343 342 341
f 344 342 343
f 346 348 345
f 349 346 345
f 345 348 347
f 347 349 345
f 346 352 348
f 350 346 349
f 350 352 346
f 348 352 347
f 351 349 347
f 347 352 351
f 351 350 349
f 352 350 351
f 354 356 353
f 357 354 353
f 353 356 355
f 355 357 353
f 354 360 356
f 358 354 357
f 358 360 354
f 356 360 355
f 359 357 355
f 355 360 359
f 359 358 357
f 360 358 359
f 362 364 361
f 365 362 361
f 361 364 363
f 363 365 361
f 362 368 364
f 366 362 365
f 366 368 362
f 364 368 363
f 367 365 363
f 363 368 367
f 367 366 365
f 368 366 367
f 370 372 369
f 373 370 369
f 369 372 371
f 371 373 369
f 370 376 372
f 374 370 373
f 374 376 370
f 372 376 371
f 375 373 371
f 371 376 375
f 375 374 373
f 376 374 375
f 378 380 377
f 381 378 377
f 377 380 379
f 379 381 377
f 378 384 380
f 382 378 381
f 382 384 378
f 380 384 379
f 383 381 379
f 379 384 383
f 383 382 381
f 384 382 383
f 386 388 385
f 389 386 385
f 385 388 387
f 387 389 385
f 386 392 388
f 390 386 389
f 390 392 386
f 388 392 387
f 391 389 387
f 387 392 391
f 391 390 389
f 392 390 391
f 394 396 393
f 397 394 393
f 393 396 395
f 395 397 393
f 394 400 396
f 398 394 397
f 398 400 394
f 396 400 395
f 399 397 395
f 395 400 399
f 399 398 397
f 400 398 399
f 402 404 401
f 405 402 401
f 401 404 403
f 403 405 401
f 402 408 404
f 406 402 405
f 406 408 402
f 404 408 403
f 407 405 403
f 403 408 407
f 407 406 405
f 408 406 407
f 410 412 409
f 413 410 409
f 409 412 411
f 411 413 409
f 410 416 412
f 414 410 413
f 414 416 410
f 412 416 411
f 415 413 411
f 411 416 415
f 415 414 413
f 416 414 415
f 418 420 417
f 421 418 417
f 417 420 419
f 419 421 417
f 418 424 420
f 422 418 421
f 422 424 418
f 420 424 419
f 423 421 419
f 419 424 423
f 423 422 421
f 424 422 423
f 426 428 425
f 429 426 425
f 425 428 427
f 427 429 425
f 426 432 428
f 430 426 429
f 430 432 426
f 428 432 427
f 431 429 427
f 427 432 431
f 431 430 429
f 432 430 431
f 434 436 433
f 437 434 433
f 433 436 435
f 435 437 433
f 434 440 436
f 438 434 437
f 438 440 434
f 436 440 435
f 439 437 435
f 435 440 439
f 439 438 437
f 440 438 439
f 442 444 441
f 445 442 441
f 441 444 443
f 443 445 441
f 442 448 444
f 446 442 445
f 446 448 442
f 444 448 443
f 447 445 443
f 443 448 447
f 447 446 445
f 448 446 447
f 450 452 449
f 453 450 449
f 449 452 451
f 451 453 449
f 450 456 452
f 454 450 453
f 454 456 450
f 452 456 451
f 455 453 451
f 451 456 455
f 455 454 453
f 456 454 455
f 458 460 457
f 461 458 457
f 457 460 459
f 459 461 457
f 458 464 460
f 462 458 461
f 462 464 458
f 460 464 459
f 463 461 459
f 459 464 463
f 463 462 461
f 464 462 463
f 466 468 465
f 469 466 465
f 465 468 467
f 467 469 465
f 466 472 468
f 470 466 469
f 470 472 466
f 468 472 467
f 471 469 467
f 467 472 471
f 471 470 469
f 472 470 471
f 474 476 473
f 477 474 473
f 473 476 475
f 475 477 473
f 474 480 476
f 478 474 477
f 478 480 474
f 476 480 475
f 479 477 475
f 475 480 479
f 479 478 477
f 480 478 479
f 482 484 481
f 485 482 481
f 481 484 483
f 483 485 481
f 482 488 484
f 486 482 485
f 486 488 482
f 484 488 483
f 487 485 483
f 483 488 487
f 487 486 485
f 488 486 487
f 490 492 489
f 493 490 489
f 489 492 491
f 491 493 489
f 490 496 492
f 494 490 493
f 494 496 490
f 492 496 491
f 495 493 491
f 491 496 495
f 495 494 493
f 496 494 495
f 498 500 497
f 501 498 497
f 497 500 499
f 499 501 497
f 498 504 500
f 502 498 501
f 502 504 498
f 500 504 499
f 503 501 499
f 499 504 503
f 503 502 501
f 504 502 503
f 506 508 505
f 509 506 505
f 505 508 507
f 507 509 505
f 506 512 508
f 510 506 509
f 510 512 506
f 508 512 507
f 511 509 507
f 507 512 511
f 511 510 509
f 512 510 511
f 514 516 513
f 517 514 513
f 513 516 515
f 515 517 513
f 514 520 516
f 518 514 517
f 518 520 514
f 516 520 515
f 519 517 515
f 515 520 519
f 519 518 517
f 520 518 519
f 522 524 521
f 525 522 521
f 521 524 523
f 523 525 521
f 522 528 524
f 526 522 525
f 526 528 522
f 524 528 523
f 527 525 523
f 523 528 527
f 527 526 525
f 528 526 527
f 530 532 529
f 533 530 529
f 529 532 531
f 531 533 529
f 530 536 532
f 534 530 533
f 534 536 530
f 532 536 531
f 535 533 531
f 531 536 535
f 535 534 533
f 536 534 535
f 538 540 537
f 541 538 537
f 537 540 539
f 539 541 537
f 538 544 540
f 542 538 541
f 542 544 538
f 540 544 539
f 543 541 539
f 539 544 543
f 543 542 541
f 544 542 543
f 546 548 545
f 549 546 545
f 545 548 547
f 547 549 545
f 546 552 548
f 550 546 549
f 550 552 546
f 548 552 547
f 551 549 547
f 547 552 551
f 551 550 549
f 552 550 551
f 554 556 553
f 557 554 553
f 553 556 555
f 555 557 553
f 554 560 556
f 558 554 557
f 558 560 554
f 556 560 555
f 559 557 555
f 555 560 559
f 559 558 557
f 560 558 559
f 562 564 561
f 565 562 561
f 561 564 563
f 563 565 561
f 562 568 564
f 566 562 565
f 566 568 562
f 564 568 563
f 567 565 563
f 563 568 567
f 567 566 565
f 568 566 567
f 570 572 569
f 573 570 569
f 569 572 571
f 571 573 569
f 570 576 572
f 574 570 573
f 574 576 570
f 572 576 571
f 575 573 571
f 571 576 575
f 575 574 573
f 576 574 575
f 578 580 577
f 581 578 577
f 577 580 579
f 579 581 577
f 578 584 580
f 582 578 581
f 582 584 578
f 580 584 579
f 583 581 579
f 579 584 583
f 583 582 581
f 584 582 583
f 586 588 585
f 589 586 585
f 585 588 587
f 587 589 585
f 586 592 588
f 590 586 589
f 590 592 586
f 588 592 587
f 591 589 587
f 587 592 591
f 591 590 589
f 592 590 591
f 594 596 593
f 597 594 593
f 593 596 595
f 595 597 593
f 594 600 596
f 598 594 597
f 598 600 594
f 596 600 595
f 599 597 595
f 595 600 599
f 599 598 597
f 600 598 599
f 602 604 601
f 605 602 601
f 601 604 603
f 603 605 601
f 602 608 604
f 606 602 605
f 606 608 602
f 604 608 603
f 607 605 603
f 603 608 607
f 607 606 605
f 608 606 607
f 610 612 609
f 613 610 609
f 609 612 611
f 611 613 609
f 610 616 612
f 614 610 613
f 614 616 610
f 612 616 611
f 615 613 611
f 611 616 615
f 615 614 613
f 616 614 615
f 618 620 617
f 621 618 617
f 617 620 619
f 619 621 617
f 618 624 620
f 622 618 621
f 622 624 618
f 620 624 619
f 623 621 619
f 619 624 623
f 623 622 621
f 624 622 623
f 626 628 625
f 629 626 625
f 625 628 627
f 627 629 625
f 626 632 628
f 630 626 629
f 630 632 626
f 628 632 627
f 631 629 627
f 627 632 631
f 631 630 629
f 632 630 631
f 634 636 633
f 637 634 633
f 633 636 635
f 635 637 633
f 634 640 636
f 638 634 637
f 638 640 634
f 636 640 635
f 639 637 635
f 635 640 639
f 639 638 637
f 640 638 639
f 642 644 641
f 645 642 641
f 641 644 643
f 643 645 641
f 642 648 644
f 646 642 645
f 646 648 642
f 644 648 643
f 647 645 643
f 643 648 647
f 647 646 645
f 648 646 647
f 650 652 649
f 653 650 649
f 649 652 651
f 651 653 649
f 650 656 652
f 654 650 653
f 654 656 650
f 652 656 651
f 655 653 651
f 651 656 655
f 655 654 653
f 656 654 655
f 658 660 657
f 661 658 657
f 657 660 659
f 659 661 657
f 658 664 660
f 662 658 661
f 662 664 658
f 660 664 659
f 663 661 659
f 659 664 663
f 663 662 661
f 664 662 663
f 666 668 665
f 669 666 665
f 665 668 667
f 667 669 665
f 666 672 668
f 670 666 669
f 670 672 666
f 668 672 667
f 671 669 667
f 667 672 671
f 671 670 669
f 672 670 671
f 674 676 673
f 677 674 673
f 673 676 675
f 675 677 673
f 674 680 676
f 678 674 677
f 678 680 674
f 676 680 675
f 679 677 675
f 675 680 679
f 679 678 677
f 680 678 679
f 682 684 681
f 685 682 681
f 681 684 683
f 683 685 681
f 682 688 684
f 686 682 685
f 686 688 682
f 684 688 683
f 687 685 683
f 683 688 687
f 687 686 685
f 688 686 687
f 690 692 689
f 693 690 689
f 689 692 691
f 691 693 689
f 690 696 692
f 694 690 693
f 694 696 690
f 692 696 691
f 695 693 691
f 691 696 695
f 695 694 693
f 696 694 695
f 698 700 697
f 701 698 697
f 697 700 699
f 699 701 697
f 698 704 700
f 702 698 701
f 702 704 698
f 700 704 699
f 703 701 699
f 699 704 703
f 703 702 701
f 704 702 703
f 706 708 705
f 709 706 705
f 705 708 707
f 707 709 705
f 706 712 708
f 710 706 709
f 710 712 706
f 708 712 707
f 711 709 707
f 707 712 711
f 711 710 709
f 712 710 711
f 714 716 713
f 717 714 713
f 713 716 715
f 715 717 713
f 714 720 716
f 718 714 717
f 718 720 714
f 716 720 715
f 719 717 715
f 715 720 719
f 719 718 717
f 720 718 719
f 722 724 721
f 725 722 721
f 721 724 723
f 723 725 721
f 722 728 724
f 726 722 725
f 726 728 722
f 724 728 723
f 727 725 723
f 723 728 727
f 727 726 725
f 728 726 727
f 730 732 729
f 733 730 729
f 729 732 731
f 731 733 729
f 730 736 732
f 734 730 733
f 734 736 730
f 732 736 731
f 735 733 731
f 731 736 735
f 735 734 733
f 736 734 735
f 738 740 737
f 741 738 737
f 737 740 739
f 739 741 737
f 738 744 740
f 742 738 741
f 742 744 738
f 740 744 739
f 743 741 739
f 739 744 743
f 743 742 741
f 744 742 743
f 746 748 745
f 749 746 745
f 745 748 747
f 747 749 745
f 746 752 748
f 750 746 749
f 750 752 746
f 748 752 747
f 751 749 747
f 747 752 751
f 751 750 749
f 752 750 751
f 754 756 753
f 757 754 753
f 753 756 755
f 755 757 753
f 754 760 756
f 758 754 757
f 758 760 754
f 756 760 755
f 759 757 755
f 755 760 759
f 759 758 757
f 760 758 759
f 762 764 761
f 765 762 761
f 761 764 763
f 763 765 761
f 762 768 764
f 766 762 765
f 766 768 762
f 764 768 763
f 767 765 763
f 763 768 767
f 767 766 765
f 768 766 767
f 770 772 769
f 773 770 769
f 769 772 771
f 771 773 769
f 770 776 772
f 774 770 773
f 774 776 770
f 772 776 771
f 775 773 771
f 771 776 775
f 775 774 773
f 776 774 775
f 778 780 777
f 781 778 777
f 777 780 779
f 779 781 777
f 778 784 780
f 782 778 781
f 782 784 778
f 780 784 779
f 783 781 779
f 779 784 783
f 783 782 781
f 784 782 783
f 786 788 785
f 789 786 785
f 785 788 787
f 787 789 785
f 786 792 788
f 790 786 789
f 790 792 786
f 788 792 787
f 791 789 787
f 787 792 791
f 791 790 789
f 792 790 791
f 794 796 793
f 797 794 793
f 793 796 795
f 795 797 793
f 794 800 796
f 798 794 797
f 798 800 794
f 796 800 795
f 799 797 795
f 795 800 799
f 799 798 797
f 800 798 799
f 802 804 801
f 805 802 801
f 801 804 803
f 803 805 801
f 802 808 804
f 806 802 805
f 806 808 802
f 804 808 803
f 807 805 803
f 803 808 807
f 807 806 805
f 808 806 807
f 810 812 809
f 813 810 809
f 809 812 811
f 811 813 809
f 810 816 812
f 814 810 813
f 814 816 810
f 812 816 811
f 815 813 811
f 811 816 815
f 815 814 813
f 816 814 815
f 818 820 817
f 821 818 817
f 817 820 819
f 819 821 817
f 818 824 820
f 822 818 821
f 822 824 818
f 820 824 819
f 823 821 819
f 819 824 823
f 823 822 821
f 824 822 823
f 826 828 825
f 829 826 825
f 825 828 827
f 827 829 825
f 826 832 828
f 830 826 829
f 830 832 826
f 828 832 827
f 831 829 827
f 827 832 831
f 831 830 829
f 832 830 831
f 834 836 833
f 837 834 833
f 833 836 835
f 835 837 833
f 834 840 836
f 838 834 837
f 838 840 834
f 836 840 835
f 839 837 835
f 835 840 839
f 839 838 837
f 840 838 839
f 842 844 841
f 845 842 841
f 841 844 843
f 843 845 841
f 842 848 844
f 846 842 845
f 846 848 842
f 844 848 843
f 847 845 843
f 843 848 847
f 847 846 845
f 848 846 847
f 850 852 849
f 853 850 849
f 849 852 851
f 851 853 849
f 850 856 852
f 854 850 853
f 854 856 850
f 852 856 851
f 855 853 851
f 851 856 855
f 855 854 853
f 856 854 855
f 858 860 857
f 861 858 857
f 857 860 859
f 859 861 857
f 858 864 860
f 862 858 861
f 862 864 858
f 860 864 859
f 863 861 859
f 859 864 863
f 863 862 861
f 864 862 863
f 866 868 865
f 869 866 865
f 865 868 867
f 867 869 865
f 866 872 868
f 870 866 869
f 870 872 866
f 868 872 867
f 871 869 867
f 867 872 871
f 871 870 869
f 872 870 871
f 874 876 873
f 877 874 873
f 873 876 875
f 875 877 873
f 874 880 876
f 878 874 877
f 878 880 874
f 876 880 875
f 879 877 875
f 875 880 879
f 879 878 877
f 880 878 879
f 882 884 881
f 885 882 881
f 881 884 883
f 883 885 881
f 882 888 884
f 886 882 885
f 886 888 882
f 884 888 883
f 887 885 883
f 883 888 887
f 887 886 885
f 888 886 887
f 890 892 889
f 893 890 889
f 889 892 891
f 891 893 889
f 890 896 892
f 894 890 893
f 894 896 890
f 892 896 891
f 895 893 891
f 891 896 895
f 895 894 893
f 896 894 895
f 898 900 897
f 901 898 897
f 897 900 899
f 899 901 897
f 898 904 900
f 902 898 901
f 902 904 898
f 900 904 899
f 903 901 899
f 899 904 903
f 903 902 901
f 904 902 903
f 906 908 905
f 909 906 905
f 905 908 907
f 907 909 905
f 906 912 908
f 910 906 909
f 910 912 906
f 908 912 907
f 911 909 907
f 907 912 911
f 911 910 909
f 912 910 911
f 914 916 913
f 917 914 913
f 913 916 915
f 915 917 913
f 914 920 916
f 918 914 917
f 918 920 914
f 916 920 915
f 919 917 915
f 915 920 919
f 919 918 917
f 920 918 919
f 922 924 921
f 925 922 921
f 921 924 923
f 923 925 921
f 922 928 924
f 926 922 925
f 926 928 922
f 924 928 923
f 927 925 923
f 923 928 927
f 927 926 925
f 928 926 927
f 930 932 929
f 933 930 929
f 929 932 931
f 931 933 929
f 930 936 932
f 934 930 933
f 934 936 930
f 932 936 931
f 935 933 931
f 931 936 935
f 935 934 933
f 936 934 935
f 938 940 937
f 941 938 937
f 937 940 939
f 939 941 937
f 938 944 940
f 942 938 941
f 942 944 938
f 940 944 939
f 943 941 939
f 939 944 943
f 943 942 941
f 944 942 943
f 946 948 945
f 949 946 945
f 945 948 947
f 947 949 945
f 946 952 948
f 950 946 949
f 950 952 946
f 948 952 947
f 951 949 947
f 947 952 951
f 951 950 949
f 952 950 951
f 954 956 953
f 957 954 953
f 953 956 955
f 955 957 953
f 954 960 956
f 958 954 957
f 958 960 954
f 956 960 955
f 959 957 955
f 955 960 959
f 959 958 957
f 960 958 959
f 962 964 961
f 965 962 961
f 961 964 963
f 963 965 961
f 962 968 964
f 966 962 965
f 966 968 962
f 964 968 963
f 967 965 963
f 963 968 967
f 967 966 965
f 968 966 967
f 970 972 969
f 973 970 969
f 969 972 971
f 971 973 969
f 970 976 972
f 974 970 973
f 974 976 970
f 972 976 971
f 975 973 971
f 971 976 975
f 975 974 973
f 976 974 975
f 978 980 977
f 981 978 977
f 977 980 979
f 979 981 977
f 978 984 980
f 982 978 981
f 982 984 978
f 980 984 979
f 983 981 979
f 979 984 983
f 983 982 981
f 984 982 983
f 986 988 985
f 989 986 985
f 985 988 987
f 987 989 985
f 986 992 988
f 990 986 989
f 990 992 986
f 988 992 987
f 991 989 987
f 987 992 991
f 991 990 989
f 992 990 991
f 994 996 993
f 997 994 993
f 993 996 995
f 995 997 993
f 994 1000 996
f 998 994 997
f 998 1000 994
f 996 1000 995
f 999 997 995
f 995 1000 999
f 999 998 997
f 1000 998 999
f 1002 1004 1001
f 1005 1002 1001
f 1001 1004 1003
f 1003 1005 1001
f 1002 1008 1004
f 1006 1002 1005
f 1006 1008 1002
f 1004 1008 1003
f 1007 1005 1003
f 1003 1008 1007
f 1007 1006 1005
f 1008 1006 1007
f 1010 1012 1009
f 1013 1010 1009
f 1009 1012 1011
f 1011 1013 1009
f 1010 1016 1012
f 1014 1010 1013
f 1014 1016 1010
f 1012 1016 1011
f 1015 1013 1011
f 1011 1016 1015
f 1015 1014 1013
f 1016 1014 1015
f 1018 1020 1017
f 1021 1018 1017
f 1017 1020 1019
f 1019 1021 1017
f 1018 1024 1020
f 1022 1018 1021
f 1022 1024 1018
f 1020 1024 1019
f 1023 1021 1019
f 1019 1024 1023
f 1023 1022 1021
f 1024 1022 1023
f 1026 1028 1025
f 1029 1026 1025
f 1025 1028 1027
f 1027 1029 1025
f 1026 1032 1028
f 1030 1026 1029
f 1030 1032 1026
f 1028 1032 1027
f 1031 1029 1027
f 1027 1032 1031
f 1031 1030 1029
f 1032 1030 1031
f 1034 1036 1033
f 1037 1034 1033
f 1033 1036 1035
f 1035 1037 1033
f 1034 1040 1036
f 1038 1034 1037
f 1038 1040 1034
f 1036 1040 1035
f 1039 1037 1035
f 1035 1040 1039
f 1039 1038 1037
f 1040 1038 1039
f 1042 1044 1041
f 1045 1042 1041
f 1041 1044 1043
f 1043 1045 1041
f 1042 1048 1044
f 1046 1042 1045
f 1046 1048 1042
f 1044 1048 1043
f 1047 1045 1043
f 1043 1048 1047
f 1047 1046 1045
f 1048 1046 1047
f 1050 1052 1049
f 1053 1050 1049
f 1049 1052 1051
f 1051 1053 1049
f 1050 1056 1052
f 1054 1050 1053
f 1054 1056 1050
f 1052 1056 1051
f 1055 1053 1051
f 1051 1056 1055
f 1055 1054 1053
f 1056 1054 1055
f 1058 1060 1057
f 1061 1058 1057
f 1057 1060 1059
f 1059 1061 1057
f 1058 1064 1060
f 1062 1058 1061
f 1062 1064 1058
f 1060 1064 1059
f 1063 1061 1059
f 1059 1064 1063
f 1063 1062 1061
f 1064 1062 1063
f 1066 1068 1065
f 1069 1066 1065
f 1065 1068 1067
f 1067 1069 1065
f 1066 1072 1068
f 1070 1066 1069
f 1070 1072 1066
f 1068 1072 1067
f 1071 1069 1067
f 1067 1072 1071
f 1071 1070 1069
f 1072 1070 1071
f 1074 1076 1073
f 1077 1074 1073
f 1073 1076 1075
f 1075 1077 1073
f 1074 1080 1076
f 1078 1074 1077
f 1078 1080 1074
f 1076 1080 1075
f 1079 1077 1075
f 1075 1080 1079
f 1079 1078 1077
f 1080 1078 1079
f 1082 1084 1081
f 1085 1082 1081
f 1081 1084 1083
f 1083 1085 1081
f 1082 1088 1084
f 1086 1082 1085
f 1086 1088 1082
f 1084 1088 1083
f 1087 1085 1083
f 1083 1088 1087
f 1087 1086 1085
f 1088 1086 1087
f 1090 1092 1089
f 1093 1090 1089
f 1089 1092 1091
f 1091 1093 1089
f 1090 1096 1092
f 1094 1090 1093
f 1094 1096 1090
f 1092 1096 1091
f 1095 1093 1091
f 1091 1096 1095
f 1095 1094 1093
f 1096 1094 1095
f 1098 1100 1097
f 1101 1098 1097
f 1097 1100 1099
f 1099 1101 1097
f 1098 1104 1100
f 1102 1098 1101
f 1102 1104 1098
f 1100 1104 1099
f 1103 1101 1099
f 1099 1104 1103
f 1103 1102 1101
f 1104 1102 1103
f 1106 1108 1105
f 1109 1106 1105
f 1105 1108 1107
f 1107 1109 1105
f 1106 1112 1108
f 1110 1106 1109
f 1110 1112 1106
f 1108 1112 1107
f 1111 1109 1107
f 1107 1112 1111
f 1111 1110 1109
f 1112 1110 1111
f 1114 1116 1113
f 1117 1114 1113
f 1113 1116 1115
f 1115 1117 1113
f 1114 1120 1116
f 1118 1114 1117
f 1118 1120 1114
f 1116 1120 1115
f 1119 1117 1115
f 1115 1120 1119
f 1119 1118 1117
f 1120 1118 1119
f 1122 1124 1121
f 1125 1122 1121
f 1121 1124 1123
f 1123 1125 1121
f 1122 1128 1124
f 1126 1122 1125
f 1126 1128 1122
f 1124 1128 1123
f 1127 1125 1123
f 1123 1128 1127
f 1127 1126 1125
f 1128 1126 1127
f 1130 1132 1129
f 1133 1130 1129
f 1129 1132 1131
f 1131 1133 1129
f 1130 1136 1132
f 1134 1130 1133
f 1134 1136 1130
f 1132 1136 1131
f 1135 1133 1131
f 1131 1136 1135
f 1135 1134 1133
f 1136 1134 1135
f 1138 1140 1137
f 1141 1138 1137
f 1137 1140 1139
f 1139 1141 1137
f 1138 1144 1140
f 1142 1138 1141
f 1142 1144 1138
f 1140 1144 1139
f 1143 1141 1139
f 1139 1144 1143
f 1143 1142 1141
f 1144 1142 1143
f 1146 1148 1145
f 1149 1146 1145
f 1145 1148 1147
f 1147 1149 1145
f 1146 1152 1148
f 1150 1146 1149
f 1150 1152 1146
f 1148 1152 1147
f 1151 1149 1147
f 1147 1152 1151
f 1151 1150 1149
f 1152 1150 1151
f 1154 1156 1153
f 1157 1154 1153
f 1153 1156 1155
f 1155 1157 1153
f 1154 1160 1156
f 1158 1154 1157
f 1158 1160 1154
f 1156 1160 1155
f 1159 1157 1155
f 1155 1160 1159
f 1159 1158 1157
f 1160 1158 1159
f 1162 1164 1161
f 1165 1162 1161
f 1161 1164 1163
f 1163 1165 1161
f 1162 1168 1164
f 1166 1162 1165
f 1166 1168 1162
f 1164 1168 1163
f 1167 1165 1163
f 1163 1168 1167
f 1167 1166 1165
f 1168 1166 1167
f 1170 1172 1169
f 1173 1170 1169
f 1169 1172 1171
f 1171 1173 1169
f 1170 1176 1172
f 1174 1170 1173
f 1174 1176 1170
f 1172 1176 1171
f 1175 1173 1171
f 1171 1176 1175
f 1175 1174 1173
f 1176 1174 1175
f 1178 1180 1177
f 1181 1178 1177
f 1177 1180 1179
f 1179 1181 1177
f 1178 1184 1180
f 1182 1178 1181
f 1182 1184 1178
f 1180 1184 1179
f 1183 1181 1179
f 1179 1184 1183
f 1183 1182 1181
f 1184 1182 1183
f 1186 1188 1185
f 1189 1186 1185
f 1185 1188 1187
f 1187 1189 1185
f 1186 1192 1188
f 1190 1186 1189
f 1190 1192 1186
f 1188 1192 1187
f 1191 1189 1187
f 1187 1192 1191
f 1191 1190 1189
f 1192 1190 1191
f 1194 1196 1193
f 1197 1194 1193
f 1193 1196 1195
f 1195 1197 1193
f 1194 1200 1196
f 1198 1194 1197
f 1198 1200 1194
f 1196 1200 1195
f 1199 1197 1195
f 1195 1200 1199
f 1199 1198 1197
f 1200 1198 1199

